cinema_id,slug_complejo,id_producto,precio_mxn,vendible
658,cinepolis-acaya-coatzacoalcos,28070,250.0,True
658,cinepolis-acaya-coatzacoalcos,18446,103.0,True
658,cinepolis-acaya-coatzacoalcos,28356,354.0,True
658,cinepolis-acaya-coatzacoalcos,14179,298.0,True
658,cinepolis-acaya-coatzacoalcos,14089,98.0,True
658,cinepolis-acaya-coatzacoalcos,14212,77.0,True
658,cinepolis-acaya-coatzacoalcos,25160,545.0,True
658,cinepolis-acaya-coatzacoalcos,28358,529.0,True
658,cinepolis-acaya-coatzacoalcos,25186,79.0,True
658,cinepolis-acaya-coatzacoalcos,15972,55.0,True
658,cinepolis-acaya-coatzacoalcos,13125,45.0,True
658,cinepolis-acaya-coatzacoalcos,14244,282.0,True
658,cinepolis-acaya-coatzacoalcos,16896,317.0,True
658,cinepolis-acaya-coatzacoalcos,27323,79.0,True
658,cinepolis-acaya-coatzacoalcos,16496,0.0,True
658,cinepolis-acaya-coatzacoalcos,14175,97.0,True
658,cinepolis-acaya-coatzacoalcos,17500,372.0,True
658,cinepolis-acaya-coatzacoalcos,14575,40.0,True
658,cinepolis-acaya-coatzacoalcos,28729,360.0,True
658,cinepolis-acaya-coatzacoalcos,15773,440.0,True
658,cinepolis-acaya-coatzacoalcos,28504,49.0,True
658,cinepolis-acaya-coatzacoalcos,15766,442.0,True
658,cinepolis-acaya-coatzacoalcos,13122,84.0,True
658,cinepolis-acaya-coatzacoalcos,15670,92.0,True
658,cinepolis-acaya-coatzacoalcos,17509,264.0,True
658,cinepolis-acaya-coatzacoalcos,25484,77.0,True
658,cinepolis-acaya-coatzacoalcos,22231,53.0,True
658,cinepolis-acaya-coatzacoalcos,18972,107.0,True
658,cinepolis-acaya-coatzacoalcos,17685,459.0,True
658,cinepolis-acaya-coatzacoalcos,28902,620.0,True
658,cinepolis-acaya-coatzacoalcos,16468,525.0,True
658,cinepolis-acaya-coatzacoalcos,17340,87.0,True
658,cinepolis-acaya-coatzacoalcos,19654,45.0,True
658,cinepolis-acaya-coatzacoalcos,15743,113.0,True
658,cinepolis-acaya-coatzacoalcos,1783,67.0,True
658,cinepolis-acaya-coatzacoalcos,15767,472.0,True
658,cinepolis-acaya-coatzacoalcos,28904,245.0,True
658,cinepolis-acaya-coatzacoalcos,21042,92.0,True
658,cinepolis-acaya-coatzacoalcos,21499,84.0,True
658,cinepolis-acaya-coatzacoalcos,28247,99.0,True
658,cinepolis-acaya-coatzacoalcos,14572,62.0,True
658,cinepolis-acaya-coatzacoalcos,14394,257.0,True
658,cinepolis-acaya-coatzacoalcos,202,56.0,True
658,cinepolis-acaya-coatzacoalcos,6241,54.0,True
658,cinepolis-acaya-coatzacoalcos,16454,382.0,True
658,cinepolis-acaya-coatzacoalcos,15746,278.0,True
658,cinepolis-acaya-coatzacoalcos,17504,352.0,True
658,cinepolis-acaya-coatzacoalcos,28682,289.0,True
658,cinepolis-acaya-coatzacoalcos,27968,245.0,True
658,cinepolis-acaya-coatzacoalcos,28886,355.0,True
658,cinepolis-acaya-coatzacoalcos,13126,45.0,True
658,cinepolis-acaya-coatzacoalcos,28823,355.0,True
658,cinepolis-acaya-coatzacoalcos,28359,555.0,True
658,cinepolis-acaya-coatzacoalcos,25159,519.0,True
658,cinepolis-acaya-coatzacoalcos,25486,77.0,True
658,cinepolis-acaya-coatzacoalcos,28918,230.0,True
658,cinepolis-acaya-coatzacoalcos,17497,377.0,True
658,cinepolis-acaya-coatzacoalcos,16893,325.0,True
658,cinepolis-acaya-coatzacoalcos,234,45.0,True
658,cinepolis-acaya-coatzacoalcos,28690,715.0,True
658,cinepolis-acaya-coatzacoalcos,25237,27.0,True
658,cinepolis-acaya-coatzacoalcos,28186,199.0,True
658,cinepolis-acaya-coatzacoalcos,23035,270.0,True
658,cinepolis-acaya-coatzacoalcos,17507,485.0,True
658,cinepolis-acaya-coatzacoalcos,14511,187.0,True
658,cinepolis-acaya-coatzacoalcos,23399,0.0,True
658,cinepolis-acaya-coatzacoalcos,14301,367.0,True
658,cinepolis-acaya-coatzacoalcos,15757,432.0,True
658,cinepolis-acaya-coatzacoalcos,14160,22.0,True
635,cinepolis-el-dorado-coatzacoalcos,18446,86.0,True
635,cinepolis-el-dorado-coatzacoalcos,28356,297.0,True
635,cinepolis-el-dorado-coatzacoalcos,14179,252.0,True
635,cinepolis-el-dorado-coatzacoalcos,14089,82.0,True
635,cinepolis-el-dorado-coatzacoalcos,14212,62.0,True
635,cinepolis-el-dorado-coatzacoalcos,25160,485.0,True
635,cinepolis-el-dorado-coatzacoalcos,28358,454.0,True
635,cinepolis-el-dorado-coatzacoalcos,15972,47.0,True
635,cinepolis-el-dorado-coatzacoalcos,15973,85.0,True
635,cinepolis-el-dorado-coatzacoalcos,13125,40.0,True
635,cinepolis-el-dorado-coatzacoalcos,14244,235.0,True
635,cinepolis-el-dorado-coatzacoalcos,16896,0.0,True
635,cinepolis-el-dorado-coatzacoalcos,16496,0.0,True
635,cinepolis-el-dorado-coatzacoalcos,241,39.0,True
635,cinepolis-el-dorado-coatzacoalcos,14175,78.0,True
635,cinepolis-el-dorado-coatzacoalcos,17500,318.0,True
635,cinepolis-el-dorado-coatzacoalcos,14575,41.0,True
635,cinepolis-el-dorado-coatzacoalcos,28729,280.0,True
635,cinepolis-el-dorado-coatzacoalcos,15773,355.0,True
635,cinepolis-el-dorado-coatzacoalcos,28504,45.0,True
635,cinepolis-el-dorado-coatzacoalcos,15766,355.0,True
635,cinepolis-el-dorado-coatzacoalcos,13122,73.0,True
635,cinepolis-el-dorado-coatzacoalcos,25484,68.0,True
635,cinepolis-el-dorado-coatzacoalcos,22231,48.0,True
635,cinepolis-el-dorado-coatzacoalcos,18972,99.0,True
635,cinepolis-el-dorado-coatzacoalcos,17685,389.0,True
635,cinepolis-el-dorado-coatzacoalcos,16468,433.0,True
635,cinepolis-el-dorado-coatzacoalcos,1783,58.0,True
635,cinepolis-el-dorado-coatzacoalcos,25485,68.0,True
635,cinepolis-el-dorado-coatzacoalcos,17818,222.0,True
635,cinepolis-el-dorado-coatzacoalcos,21042,77.0,True
635,cinepolis-el-dorado-coatzacoalcos,14572,62.0,True
635,cinepolis-el-dorado-coatzacoalcos,27419,87.0,True
635,cinepolis-el-dorado-coatzacoalcos,6241,34.0,True
635,cinepolis-el-dorado-coatzacoalcos,16454,322.0,True
635,cinepolis-el-dorado-coatzacoalcos,15746,233.0,True
635,cinepolis-el-dorado-coatzacoalcos,17504,322.0,True
635,cinepolis-el-dorado-coatzacoalcos,13126,40.0,True
635,cinepolis-el-dorado-coatzacoalcos,28823,290.0,True
635,cinepolis-el-dorado-coatzacoalcos,28359,480.0,True
635,cinepolis-el-dorado-coatzacoalcos,25159,459.0,True
635,cinepolis-el-dorado-coatzacoalcos,16893,275.0,True
635,cinepolis-el-dorado-coatzacoalcos,234,35.0,True
635,cinepolis-el-dorado-coatzacoalcos,23035,233.0,True
635,cinepolis-el-dorado-coatzacoalcos,17507,415.0,True
635,cinepolis-el-dorado-coatzacoalcos,14511,167.0,True
635,cinepolis-el-dorado-coatzacoalcos,23399,0.0,True
635,cinepolis-el-dorado-coatzacoalcos,14301,310.0,True
635,cinepolis-el-dorado-coatzacoalcos,15757,352.0,True
635,cinepolis-el-dorado-coatzacoalcos,14160,24.0,True
484,cinepolis-el-dorado-veracruz,18446,109.0,True
484,cinepolis-el-dorado-veracruz,28356,374.0,True
484,cinepolis-el-dorado-veracruz,14179,312.0,True
484,cinepolis-el-dorado-veracruz,14089,102.0,True
484,cinepolis-el-dorado-veracruz,14212,82.0,True
484,cinepolis-el-dorado-veracruz,25160,585.0,True
484,cinepolis-el-dorado-veracruz,28358,554.0,True
484,cinepolis-el-dorado-veracruz,25186,79.0,True
484,cinepolis-el-dorado-veracruz,15972,55.0,True
484,cinepolis-el-dorado-veracruz,13125,45.0,True
484,cinepolis-el-dorado-veracruz,14244,297.0,True
484,cinepolis-el-dorado-veracruz,16896,332.0,True
484,cinepolis-el-dorado-veracruz,27323,79.0,True
484,cinepolis-el-dorado-veracruz,16496,0.0,True
484,cinepolis-el-dorado-veracruz,14175,102.0,True
484,cinepolis-el-dorado-veracruz,17500,388.0,True
484,cinepolis-el-dorado-veracruz,14575,44.0,True
484,cinepolis-el-dorado-veracruz,28729,360.0,True
484,cinepolis-el-dorado-veracruz,15773,461.0,True
484,cinepolis-el-dorado-veracruz,28504,49.0,True
484,cinepolis-el-dorado-veracruz,15766,467.0,True
484,cinepolis-el-dorado-veracruz,13122,84.0,True
484,cinepolis-el-dorado-veracruz,15670,92.0,True
484,cinepolis-el-dorado-veracruz,17509,276.0,True
484,cinepolis-el-dorado-veracruz,25484,77.0,True
484,cinepolis-el-dorado-veracruz,18972,115.0,True
484,cinepolis-el-dorado-veracruz,17685,479.0,True
484,cinepolis-el-dorado-veracruz,28902,620.0,True
484,cinepolis-el-dorado-veracruz,16468,548.0,True
484,cinepolis-el-dorado-veracruz,19654,45.0,True
484,cinepolis-el-dorado-veracruz,15743,113.0,True
484,cinepolis-el-dorado-veracruz,1783,67.0,True
484,cinepolis-el-dorado-veracruz,15767,497.0,True
484,cinepolis-el-dorado-veracruz,21042,97.0,True
484,cinepolis-el-dorado-veracruz,14572,62.0,True
484,cinepolis-el-dorado-veracruz,14394,270.0,True
484,cinepolis-el-dorado-veracruz,202,56.0,True
484,cinepolis-el-dorado-veracruz,27419,107.0,True
484,cinepolis-el-dorado-veracruz,6241,54.0,True
484,cinepolis-el-dorado-veracruz,16454,395.0,True
484,cinepolis-el-dorado-veracruz,15746,293.0,True
484,cinepolis-el-dorado-veracruz,17504,375.0,True
484,cinepolis-el-dorado-veracruz,28682,289.0,True
484,cinepolis-el-dorado-veracruz,28886,355.0,True
484,cinepolis-el-dorado-veracruz,13126,45.0,True
484,cinepolis-el-dorado-veracruz,28823,355.0,True
484,cinepolis-el-dorado-veracruz,28359,580.0,True
484,cinepolis-el-dorado-veracruz,25159,559.0,True
484,cinepolis-el-dorado-veracruz,28918,230.0,True
484,cinepolis-el-dorado-veracruz,16893,342.0,True
484,cinepolis-el-dorado-veracruz,224,58.0,True
484,cinepolis-el-dorado-veracruz,234,45.0,True
484,cinepolis-el-dorado-veracruz,23035,282.0,True
484,cinepolis-el-dorado-veracruz,17507,505.0,True
484,cinepolis-el-dorado-veracruz,14511,196.0,True
484,cinepolis-el-dorado-veracruz,23399,0.0,True
484,cinepolis-el-dorado-veracruz,14301,387.0,True
484,cinepolis-el-dorado-veracruz,15757,457.0,True
484,cinepolis-el-dorado-veracruz,14160,24.0,True
545,cinepolis-vip-el-dorado-veracruz,27884,199.0,True
545,cinepolis-vip-el-dorado-veracruz,24228,167.0,True
545,cinepolis-vip-el-dorado-veracruz,26262,247.0,True
545,cinepolis-vip-el-dorado-veracruz,14297,136.0,True
545,cinepolis-vip-el-dorado-veracruz,18446,112.0,True
545,cinepolis-vip-el-dorado-veracruz,14179,338.0,True
545,cinepolis-vip-el-dorado-veracruz,925,92.0,True
545,cinepolis-vip-el-dorado-veracruz,14089,115.0,True
545,cinepolis-vip-el-dorado-veracruz,17121,144.0,True
545,cinepolis-vip-el-dorado-veracruz,25186,79.0,True
545,cinepolis-vip-el-dorado-veracruz,15069,127.0,True
545,cinepolis-vip-el-dorado-veracruz,26055,118.0,True
545,cinepolis-vip-el-dorado-veracruz,28583,129.0,False
545,cinepolis-vip-el-dorado-veracruz,28195,224.0,True
545,cinepolis-vip-el-dorado-veracruz,17107,133.0,False
545,cinepolis-vip-el-dorado-veracruz,14402,211.0,True
545,cinepolis-vip-el-dorado-veracruz,17212,499.0,True
545,cinepolis-vip-el-dorado-veracruz,16792,139.0,True
545,cinepolis-vip-el-dorado-veracruz,17099,199.0,True
545,cinepolis-vip-el-dorado-veracruz,18538,147.0,True
545,cinepolis-vip-el-dorado-veracruz,28729,415.0,True
545,cinepolis-vip-el-dorado-veracruz,26604,199.0,True
545,cinepolis-vip-el-dorado-veracruz,14790,0.0,True
545,cinepolis-vip-el-dorado-veracruz,26058,131.0,True
545,cinepolis-vip-el-dorado-veracruz,13122,83.0,True
545,cinepolis-vip-el-dorado-veracruz,26165,200.0,True
545,cinepolis-vip-el-dorado-veracruz,4465,56.0,True
545,cinepolis-vip-el-dorado-veracruz,24226,245.0,True
545,cinepolis-vip-el-dorado-veracruz,18078,149.0,True
545,cinepolis-vip-el-dorado-veracruz,26689,444.0,True
545,cinepolis-vip-el-dorado-veracruz,25148,145.0,True
545,cinepolis-vip-el-dorado-veracruz,14373,179.0,True
545,cinepolis-vip-el-dorado-veracruz,18341,575.0,True
545,cinepolis-vip-el-dorado-veracruz,14389,247.0,True
545,cinepolis-vip-el-dorado-veracruz,21455,176.0,True
545,cinepolis-vip-el-dorado-veracruz,18795,45.0,True
545,cinepolis-vip-el-dorado-veracruz,15207,109.0,True
545,cinepolis-vip-el-dorado-veracruz,15535,119.0,True
545,cinepolis-vip-el-dorado-veracruz,14700,85.0,True
545,cinepolis-vip-el-dorado-veracruz,14393,246.0,True
545,cinepolis-vip-el-dorado-veracruz,27574,425.0,True
545,cinepolis-vip-el-dorado-veracruz,28537,170.0,True
545,cinepolis-vip-el-dorado-veracruz,14994,254.0,True
545,cinepolis-vip-el-dorado-veracruz,26447,693.0,True
545,cinepolis-vip-el-dorado-veracruz,17507,525.0,True
545,cinepolis-vip-el-dorado-veracruz,25866,265.0,True
545,cinepolis-vip-el-dorado-veracruz,14709,85.0,True
545,cinepolis-vip-el-dorado-veracruz,25671,115.0,True
545,cinepolis-vip-el-dorado-veracruz,14426,235.0,True
545,cinepolis-vip-el-dorado-veracruz,27346,199.0,True
545,cinepolis-vip-el-dorado-veracruz,18218,580.0,True
545,cinepolis-vip-el-dorado-veracruz,18608,548.0,True
545,cinepolis-vip-el-dorado-veracruz,28588,129.0,False
545,cinepolis-vip-el-dorado-veracruz,15382,185.0,True
545,cinepolis-vip-el-dorado-veracruz,26602,208.0,True
545,cinepolis-vip-el-dorado-veracruz,28586,129.0,False
545,cinepolis-vip-el-dorado-veracruz,27347,222.0,True
545,cinepolis-vip-el-dorado-veracruz,14244,312.0,True
545,cinepolis-vip-el-dorado-veracruz,18145,602.0,True
545,cinepolis-vip-el-dorado-veracruz,14494,79.0,True
545,cinepolis-vip-el-dorado-veracruz,23470,212.0,True
545,cinepolis-vip-el-dorado-veracruz,28741,425.0,True
545,cinepolis-vip-el-dorado-veracruz,18279,126.0,True
545,cinepolis-vip-el-dorado-veracruz,28211,169.0,True
545,cinepolis-vip-el-dorado-veracruz,24220,195.0,True
545,cinepolis-vip-el-dorado-veracruz,14977,304.0,False
545,cinepolis-vip-el-dorado-veracruz,6167,99.0,True
545,cinepolis-vip-el-dorado-veracruz,14509,162.0,True
545,cinepolis-vip-el-dorado-veracruz,18972,119.0,True
545,cinepolis-vip-el-dorado-veracruz,14487,99.0,True
545,cinepolis-vip-el-dorado-veracruz,15767,532.0,True
545,cinepolis-vip-el-dorado-veracruz,14468,67.0,True
545,cinepolis-vip-el-dorado-veracruz,21742,92.0,True
545,cinepolis-vip-el-dorado-veracruz,15045,388.0,True
545,cinepolis-vip-el-dorado-veracruz,28457,185.0,True
545,cinepolis-vip-el-dorado-veracruz,18595,339.0,True
545,cinepolis-vip-el-dorado-veracruz,22089,114.0,True
545,cinepolis-vip-el-dorado-veracruz,14518,143.0,True
545,cinepolis-vip-el-dorado-veracruz,23284,420.0,True
545,cinepolis-vip-el-dorado-veracruz,17234,99.0,True
545,cinepolis-vip-el-dorado-veracruz,15976,119.0,True
545,cinepolis-vip-el-dorado-veracruz,22332,223.0,True
545,cinepolis-vip-el-dorado-veracruz,18163,522.0,True
545,cinepolis-vip-el-dorado-veracruz,25159,599.0,True
545,cinepolis-vip-el-dorado-veracruz,22968,228.0,True
545,cinepolis-vip-el-dorado-veracruz,18285,126.0,True
545,cinepolis-vip-el-dorado-veracruz,18290,102.0,True
545,cinepolis-vip-el-dorado-veracruz,14434,148.0,True
545,cinepolis-vip-el-dorado-veracruz,15388,102.0,True
545,cinepolis-vip-el-dorado-veracruz,224,55.0,True
545,cinepolis-vip-el-dorado-veracruz,18779,84.0,True
545,cinepolis-vip-el-dorado-veracruz,28485,154.0,True
545,cinepolis-vip-el-dorado-veracruz,15004,203.0,True
545,cinepolis-vip-el-dorado-veracruz,26972,264.0,True
545,cinepolis-vip-el-dorado-veracruz,14965,134.0,True
545,cinepolis-vip-el-dorado-veracruz,24222,156.0,True
545,cinepolis-vip-el-dorado-veracruz,27782,104.0,True
545,cinepolis-vip-el-dorado-veracruz,14396,194.0,True
545,cinepolis-vip-el-dorado-veracruz,14294,136.0,True
545,cinepolis-vip-el-dorado-veracruz,18579,295.0,True
545,cinepolis-vip-el-dorado-veracruz,16799,129.0,True
545,cinepolis-vip-el-dorado-veracruz,14938,165.0,True
545,cinepolis-vip-el-dorado-veracruz,18588,262.0,True
545,cinepolis-vip-el-dorado-veracruz,15228,492.0,True
545,cinepolis-vip-el-dorado-veracruz,18585,260.0,True
545,cinepolis-vip-el-dorado-veracruz,17223,131.0,True
545,cinepolis-vip-el-dorado-veracruz,14175,105.0,True
545,cinepolis-vip-el-dorado-veracruz,17114,156.0,True
545,cinepolis-vip-el-dorado-veracruz,15324,88.0,True
545,cinepolis-vip-el-dorado-veracruz,17102,199.0,True
545,cinepolis-vip-el-dorado-veracruz,25681,115.0,True
545,cinepolis-vip-el-dorado-veracruz,17097,184.0,True
545,cinepolis-vip-el-dorado-veracruz,14424,256.0,True
545,cinepolis-vip-el-dorado-veracruz,14979,202.0,True
545,cinepolis-vip-el-dorado-veracruz,18616,472.0,True
545,cinepolis-vip-el-dorado-veracruz,28218,206.0,True
545,cinepolis-vip-el-dorado-veracruz,14420,234.0,True
545,cinepolis-vip-el-dorado-veracruz,14359,156.0,True
545,cinepolis-vip-el-dorado-veracruz,14423,195.0,True
545,cinepolis-vip-el-dorado-veracruz,24975,92.0,True
545,cinepolis-vip-el-dorado-veracruz,18234,302.0,True
545,cinepolis-vip-el-dorado-veracruz,14733,97.0,True
545,cinepolis-vip-el-dorado-veracruz,28514,194.0,True
545,cinepolis-vip-el-dorado-veracruz,18778,89.0,True
545,cinepolis-vip-el-dorado-veracruz,25679,115.0,True
545,cinepolis-vip-el-dorado-veracruz,17095,184.0,True
545,cinepolis-vip-el-dorado-veracruz,25647,202.0,True
545,cinepolis-vip-el-dorado-veracruz,25983,239.0,True
545,cinepolis-vip-el-dorado-veracruz,26692,703.0,True
545,cinepolis-vip-el-dorado-veracruz,27223,410.0,True
545,cinepolis-vip-el-dorado-veracruz,26051,118.0,True
545,cinepolis-vip-el-dorado-veracruz,25297,303.0,True
545,cinepolis-vip-el-dorado-veracruz,25610,150.0,True
545,cinepolis-vip-el-dorado-veracruz,25929,152.0,True
545,cinepolis-vip-el-dorado-veracruz,26261,225.0,True
545,cinepolis-vip-el-dorado-veracruz,18790,89.0,True
545,cinepolis-vip-el-dorado-veracruz,27233,365.0,True
545,cinepolis-vip-el-dorado-veracruz,24935,651.0,True
545,cinepolis-vip-el-dorado-veracruz,14160,29.0,True
545,cinepolis-vip-el-dorado-veracruz,14846,135.0,True
545,cinepolis-vip-el-dorado-veracruz,22471,90.0,True
545,cinepolis-vip-el-dorado-veracruz,25677,115.0,True
545,cinepolis-vip-el-dorado-veracruz,27808,212.0,True
545,cinepolis-vip-el-dorado-veracruz,17208,160.0,True
545,cinepolis-vip-el-dorado-veracruz,927,92.0,True
545,cinepolis-vip-el-dorado-veracruz,24525,158.0,True
545,cinepolis-vip-el-dorado-veracruz,14430,120.0,True
545,cinepolis-vip-el-dorado-veracruz,17533,121.0,True
545,cinepolis-vip-el-dorado-veracruz,28223,267.0,True
545,cinepolis-vip-el-dorado-veracruz,15340,108.0,True
545,cinepolis-vip-el-dorado-veracruz,15374,126.0,True
545,cinepolis-vip-el-dorado-veracruz,17209,131.0,True
545,cinepolis-vip-el-dorado-veracruz,15188,424.0,True
545,cinepolis-vip-el-dorado-veracruz,26052,124.0,True
545,cinepolis-vip-el-dorado-veracruz,15211,365.0,True
545,cinepolis-vip-el-dorado-veracruz,24221,195.0,True
545,cinepolis-vip-el-dorado-veracruz,17691,67.0,True
545,cinepolis-vip-el-dorado-veracruz,14416,172.0,True
545,cinepolis-vip-el-dorado-veracruz,24940,199.0,True
545,cinepolis-vip-el-dorado-veracruz,21743,92.0,True
545,cinepolis-vip-el-dorado-veracruz,15342,120.0,True
545,cinepolis-vip-el-dorado-veracruz,15766,502.0,True
545,cinepolis-vip-el-dorado-veracruz,28578,129.0,False
545,cinepolis-vip-el-dorado-veracruz,25484,88.0,True
545,cinepolis-vip-el-dorado-veracruz,24527,165.0,False
545,cinepolis-vip-el-dorado-veracruz,14399,246.0,True
545,cinepolis-vip-el-dorado-veracruz,24227,212.0,True
545,cinepolis-vip-el-dorado-veracruz,17104,199.0,True
545,cinepolis-vip-el-dorado-veracruz,16794,119.0,True
545,cinepolis-vip-el-dorado-veracruz,22472,113.0,True
545,cinepolis-vip-el-dorado-veracruz,14414,172.0,True
545,cinepolis-vip-el-dorado-veracruz,27230,195.0,True
545,cinepolis-vip-el-dorado-veracruz,17536,121.0,True
545,cinepolis-vip-el-dorado-veracruz,14974,192.0,True
545,cinepolis-vip-el-dorado-veracruz,17103,184.0,True
545,cinepolis-vip-el-dorado-veracruz,18329,359.0,True
545,cinepolis-vip-el-dorado-veracruz,25298,478.0,True
545,cinepolis-vip-el-dorado-veracruz,25237,34.0,True
545,cinepolis-vip-el-dorado-veracruz,15404,208.0,True
545,cinepolis-vip-el-dorado-veracruz,14473,79.0,True
545,cinepolis-vip-el-dorado-veracruz,28513,146.0,True
260,cinepolis-plaza-del-puerto-veracruz,18446,109.0,True
260,cinepolis-plaza-del-puerto-veracruz,28356,374.0,True
260,cinepolis-plaza-del-puerto-veracruz,14179,312.0,True
260,cinepolis-plaza-del-puerto-veracruz,14089,102.0,True
260,cinepolis-plaza-del-puerto-veracruz,14212,82.0,True
260,cinepolis-plaza-del-puerto-veracruz,25160,585.0,True
260,cinepolis-plaza-del-puerto-veracruz,28358,554.0,True
260,cinepolis-plaza-del-puerto-veracruz,25186,79.0,True
260,cinepolis-plaza-del-puerto-veracruz,15972,55.0,True
260,cinepolis-plaza-del-puerto-veracruz,13125,45.0,True
260,cinepolis-plaza-del-puerto-veracruz,14244,297.0,True
260,cinepolis-plaza-del-puerto-veracruz,16896,332.0,True
260,cinepolis-plaza-del-puerto-veracruz,27323,79.0,True
260,cinepolis-plaza-del-puerto-veracruz,16496,0.0,True
260,cinepolis-plaza-del-puerto-veracruz,14175,102.0,True
260,cinepolis-plaza-del-puerto-veracruz,17500,388.0,True
260,cinepolis-plaza-del-puerto-veracruz,14575,44.0,True
260,cinepolis-plaza-del-puerto-veracruz,28729,360.0,True
260,cinepolis-plaza-del-puerto-veracruz,15773,461.0,True
260,cinepolis-plaza-del-puerto-veracruz,28504,49.0,True
260,cinepolis-plaza-del-puerto-veracruz,15766,467.0,True
260,cinepolis-plaza-del-puerto-veracruz,13122,84.0,True
260,cinepolis-plaza-del-puerto-veracruz,15670,92.0,True
260,cinepolis-plaza-del-puerto-veracruz,17509,276.0,True
260,cinepolis-plaza-del-puerto-veracruz,22231,53.0,True
260,cinepolis-plaza-del-puerto-veracruz,18972,115.0,True
260,cinepolis-plaza-del-puerto-veracruz,17685,479.0,True
260,cinepolis-plaza-del-puerto-veracruz,28902,620.0,True
260,cinepolis-plaza-del-puerto-veracruz,16468,548.0,True
260,cinepolis-plaza-del-puerto-veracruz,17340,87.0,True
260,cinepolis-plaza-del-puerto-veracruz,19654,45.0,True
260,cinepolis-plaza-del-puerto-veracruz,15743,113.0,True
260,cinepolis-plaza-del-puerto-veracruz,1783,67.0,True
260,cinepolis-plaza-del-puerto-veracruz,15767,497.0,True
260,cinepolis-plaza-del-puerto-veracruz,25485,77.0,True
260,cinepolis-plaza-del-puerto-veracruz,28072,35.0,True
260,cinepolis-plaza-del-puerto-veracruz,21042,97.0,True
260,cinepolis-plaza-del-puerto-veracruz,21499,84.0,True
260,cinepolis-plaza-del-puerto-veracruz,14572,62.0,True
260,cinepolis-plaza-del-puerto-veracruz,14394,270.0,True
260,cinepolis-plaza-del-puerto-veracruz,202,56.0,True
260,cinepolis-plaza-del-puerto-veracruz,27419,107.0,True
260,cinepolis-plaza-del-puerto-veracruz,6241,54.0,True
260,cinepolis-plaza-del-puerto-veracruz,16454,395.0,True
260,cinepolis-plaza-del-puerto-veracruz,15746,293.0,True
260,cinepolis-plaza-del-puerto-veracruz,17504,375.0,True
260,cinepolis-plaza-del-puerto-veracruz,13126,45.0,True
260,cinepolis-plaza-del-puerto-veracruz,28823,355.0,True
260,cinepolis-plaza-del-puerto-veracruz,28359,580.0,True
260,cinepolis-plaza-del-puerto-veracruz,25159,559.0,True
260,cinepolis-plaza-del-puerto-veracruz,25486,77.0,True
260,cinepolis-plaza-del-puerto-veracruz,17497,390.0,True
260,cinepolis-plaza-del-puerto-veracruz,16893,342.0,True
260,cinepolis-plaza-del-puerto-veracruz,224,58.0,True
260,cinepolis-plaza-del-puerto-veracruz,234,45.0,True
260,cinepolis-plaza-del-puerto-veracruz,25237,29.0,True
260,cinepolis-plaza-del-puerto-veracruz,23035,282.0,True
260,cinepolis-plaza-del-puerto-veracruz,17507,505.0,True
260,cinepolis-plaza-del-puerto-veracruz,14511,196.0,True
260,cinepolis-plaza-del-puerto-veracruz,23399,0.0,True
260,cinepolis-plaza-del-puerto-veracruz,14301,387.0,True
260,cinepolis-plaza-del-puerto-veracruz,15757,457.0,True
260,cinepolis-plaza-del-puerto-veracruz,14160,24.0,True
126,cinepolis-las-americas-veracruz,18446,109.0,True
126,cinepolis-las-americas-veracruz,14179,312.0,True
126,cinepolis-las-americas-veracruz,25160,585.0,True
126,cinepolis-las-americas-veracruz,14089,102.0,True
126,cinepolis-las-americas-veracruz,15972,55.0,True
126,cinepolis-las-americas-veracruz,25186,79.0,True
126,cinepolis-las-americas-veracruz,26055,111.0,True
126,cinepolis-las-americas-veracruz,13125,45.0,True
126,cinepolis-las-americas-veracruz,28583,120.0,False
126,cinepolis-las-americas-veracruz,27323,79.0,True
126,cinepolis-las-americas-veracruz,28729,360.0,True
126,cinepolis-las-americas-veracruz,28504,49.0,True
126,cinepolis-las-americas-veracruz,13122,84.0,True
126,cinepolis-las-americas-veracruz,26058,125.0,True
126,cinepolis-las-americas-veracruz,16272,119.0,True
126,cinepolis-las-americas-veracruz,15658,188.0,True
126,cinepolis-las-americas-veracruz,22231,53.0,True
126,cinepolis-las-americas-veracruz,28120,130.0,True
126,cinepolis-las-americas-veracruz,16468,548.0,True
126,cinepolis-las-americas-veracruz,19654,45.0,True
126,cinepolis-las-americas-veracruz,15176,93.0,True
126,cinepolis-las-americas-veracruz,24758,137.0,True
126,cinepolis-las-americas-veracruz,15746,293.0,True
126,cinepolis-las-americas-veracruz,17504,375.0,True
126,cinepolis-las-americas-veracruz,15207,99.0,True
126,cinepolis-las-americas-veracruz,28823,355.0,True
126,cinepolis-las-americas-veracruz,24200,265.0,True
126,cinepolis-las-americas-veracruz,22528,149.0,True
126,cinepolis-las-americas-veracruz,14700,78.0,True
126,cinepolis-las-americas-veracruz,16893,342.0,True
126,cinepolis-las-americas-veracruz,17507,505.0,True
126,cinepolis-las-americas-veracruz,15698,162.0,True
126,cinepolis-las-americas-veracruz,14709,78.0,True
126,cinepolis-las-americas-veracruz,25671,107.0,False
126,cinepolis-las-americas-veracruz,17773,362.0,True
126,cinepolis-las-americas-veracruz,15549,194.0,True
126,cinepolis-las-americas-veracruz,28588,120.0,False
126,cinepolis-las-americas-veracruz,28356,374.0,True
126,cinepolis-las-americas-veracruz,28586,120.0,False
126,cinepolis-las-americas-veracruz,14244,297.0,True
126,cinepolis-las-americas-veracruz,17500,388.0,True
126,cinepolis-las-americas-veracruz,14575,44.0,True
126,cinepolis-las-americas-veracruz,15670,92.0,True
126,cinepolis-las-americas-veracruz,17509,276.0,True
126,cinepolis-las-americas-veracruz,18972,115.0,True
126,cinepolis-las-americas-veracruz,24195,212.0,True
126,cinepolis-las-americas-veracruz,15767,497.0,True
126,cinepolis-las-americas-veracruz,25485,77.0,True
126,cinepolis-las-americas-veracruz,15060,93.0,True
126,cinepolis-las-americas-veracruz,21408,159.0,True
126,cinepolis-las-americas-veracruz,21499,84.0,True
126,cinepolis-las-americas-veracruz,27419,107.0,True
126,cinepolis-las-americas-veracruz,28748,125.0,True
126,cinepolis-las-americas-veracruz,15976,109.0,True
126,cinepolis-las-americas-veracruz,28359,580.0,True
126,cinepolis-las-americas-veracruz,28717,299.0,True
126,cinepolis-las-americas-veracruz,25159,559.0,True
126,cinepolis-las-americas-veracruz,27592,129.0,True
126,cinepolis-las-americas-veracruz,15655,115.0,True
126,cinepolis-las-americas-veracruz,17497,390.0,True
126,cinepolis-las-americas-veracruz,27622,299.0,True
126,cinepolis-las-americas-veracruz,17718,280.0,True
126,cinepolis-las-americas-veracruz,14662,95.0,True
126,cinepolis-las-americas-veracruz,23035,282.0,True
126,cinepolis-las-americas-veracruz,15147,93.0,False
126,cinepolis-las-americas-veracruz,23399,0.0,True
126,cinepolis-las-americas-veracruz,15773,461.0,True
126,cinepolis-las-americas-veracruz,224,58.0,True
126,cinepolis-las-americas-veracruz,15117,99.0,True
126,cinepolis-las-americas-veracruz,14212,82.0,True
126,cinepolis-las-americas-veracruz,24687,188.0,True
126,cinepolis-las-americas-veracruz,28098,130.0,True
126,cinepolis-las-americas-veracruz,16896,332.0,True
126,cinepolis-las-americas-veracruz,16496,0.0,True
126,cinepolis-las-americas-veracruz,14175,102.0,True
126,cinepolis-las-americas-veracruz,28780,194.0,True
126,cinepolis-las-americas-veracruz,17685,479.0,True
126,cinepolis-las-americas-veracruz,28902,620.0,True
126,cinepolis-las-americas-veracruz,25681,107.0,True
126,cinepolis-las-americas-veracruz,1783,67.0,True
126,cinepolis-las-americas-veracruz,15743,113.0,True
126,cinepolis-las-americas-veracruz,15437,194.0,True
126,cinepolis-las-americas-veracruz,14572,62.0,True
126,cinepolis-las-americas-veracruz,14394,270.0,True
126,cinepolis-las-americas-veracruz,16454,395.0,True
126,cinepolis-las-americas-veracruz,14733,88.0,True
126,cinepolis-las-americas-veracruz,15477,105.0,True
126,cinepolis-las-americas-veracruz,13126,45.0,True
126,cinepolis-las-americas-veracruz,25679,107.0,True
126,cinepolis-las-americas-veracruz,28886,355.0,True
126,cinepolis-las-americas-veracruz,15443,194.0,True
126,cinepolis-las-americas-veracruz,25486,77.0,True
126,cinepolis-las-americas-veracruz,26051,111.0,True
126,cinepolis-las-americas-veracruz,27625,485.0,True
126,cinepolis-las-americas-veracruz,14301,387.0,True
126,cinepolis-las-americas-veracruz,5400,120.0,True
126,cinepolis-las-americas-veracruz,15757,457.0,True
126,cinepolis-las-americas-veracruz,14160,24.0,True
126,cinepolis-las-americas-veracruz,16260,127.0,True
126,cinepolis-las-americas-veracruz,25677,107.0,True
126,cinepolis-las-americas-veracruz,14734,76.0,False
126,cinepolis-las-americas-veracruz,28358,554.0,True
126,cinepolis-las-americas-veracruz,15640,188.0,True
126,cinepolis-las-americas-veracruz,26052,117.0,True
126,cinepolis-las-americas-veracruz,15143,93.0,False
126,cinepolis-las-americas-veracruz,15766,467.0,True
126,cinepolis-las-americas-veracruz,28578,120.0,False
126,cinepolis-las-americas-veracruz,25484,77.0,True
126,cinepolis-las-americas-veracruz,17535,120.0,True
126,cinepolis-las-americas-veracruz,17340,87.0,True
126,cinepolis-las-americas-veracruz,15118,99.0,True
126,cinepolis-las-americas-veracruz,28190,189.0,True
126,cinepolis-las-americas-veracruz,21042,97.0,True
126,cinepolis-las-americas-veracruz,14220,94.0,True
126,cinepolis-las-americas-veracruz,202,56.0,True
126,cinepolis-las-americas-veracruz,6241,54.0,True
126,cinepolis-las-americas-veracruz,28088,218.0,True
126,cinepolis-las-americas-veracruz,23142,285.0,True
126,cinepolis-las-americas-veracruz,14739,76.0,False
126,cinepolis-las-americas-veracruz,17536,110.0,True
126,cinepolis-las-americas-veracruz,234,45.0,True
126,cinepolis-las-americas-veracruz,14580,55.0,False
126,cinepolis-las-americas-veracruz,25237,29.0,True
126,cinepolis-las-americas-veracruz,15642,188.0,True
126,cinepolis-las-americas-veracruz,14511,196.0,True
126,cinepolis-las-americas-veracruz,28715,162.0,True
192,cinepolis-vip-las-americas-veracruz,27884,185.0,True
192,cinepolis-vip-las-americas-veracruz,24228,152.0,True
192,cinepolis-vip-las-americas-veracruz,26262,227.0,True
192,cinepolis-vip-las-americas-veracruz,14297,125.0,True
192,cinepolis-vip-las-americas-veracruz,18446,105.0,True
192,cinepolis-vip-las-americas-veracruz,14179,312.0,True
192,cinepolis-vip-las-americas-veracruz,925,82.0,True
192,cinepolis-vip-las-americas-veracruz,14089,109.0,True
192,cinepolis-vip-las-americas-veracruz,17121,134.0,True
192,cinepolis-vip-las-americas-veracruz,15972,62.0,True
192,cinepolis-vip-las-americas-veracruz,25186,79.0,True
192,cinepolis-vip-las-americas-veracruz,15069,116.0,True
192,cinepolis-vip-las-americas-veracruz,25177,98.0,True
192,cinepolis-vip-las-americas-veracruz,28583,115.0,False
192,cinepolis-vip-las-americas-veracruz,28195,205.0,True
192,cinepolis-vip-las-americas-veracruz,20788,301.0,True
192,cinepolis-vip-las-americas-veracruz,17107,133.0,False
192,cinepolis-vip-las-americas-veracruz,14402,193.0,True
192,cinepolis-vip-las-americas-veracruz,17212,459.0,True
192,cinepolis-vip-las-americas-veracruz,16792,127.0,True
192,cinepolis-vip-las-americas-veracruz,17099,185.0,True
192,cinepolis-vip-las-americas-veracruz,18538,134.0,True
192,cinepolis-vip-las-americas-veracruz,28729,415.0,True
192,cinepolis-vip-las-americas-veracruz,26604,185.0,True
192,cinepolis-vip-las-americas-veracruz,14790,0.0,True
192,cinepolis-vip-las-americas-veracruz,13122,83.0,True
192,cinepolis-vip-las-americas-veracruz,26165,188.0,True
192,cinepolis-vip-las-americas-veracruz,4465,56.0,True
192,cinepolis-vip-las-americas-veracruz,18078,139.0,True
192,cinepolis-vip-las-americas-veracruz,26689,401.0,True
192,cinepolis-vip-las-americas-veracruz,25148,135.0,True
192,cinepolis-vip-las-americas-veracruz,25178,98.0,True
192,cinepolis-vip-las-americas-veracruz,14373,163.0,True
192,cinepolis-vip-las-americas-veracruz,18341,529.0,True
192,cinepolis-vip-las-americas-veracruz,14389,227.0,True
192,cinepolis-vip-las-americas-veracruz,21455,162.0,True
192,cinepolis-vip-las-americas-veracruz,18795,40.0,True
192,cinepolis-vip-las-americas-veracruz,15207,99.0,True
192,cinepolis-vip-las-americas-veracruz,15535,109.0,True
192,cinepolis-vip-las-americas-veracruz,14700,78.0,True
192,cinepolis-vip-las-americas-veracruz,14393,225.0,True
192,cinepolis-vip-las-americas-veracruz,27574,398.0,True
192,cinepolis-vip-las-americas-veracruz,28537,160.0,True
192,cinepolis-vip-las-americas-veracruz,14994,233.0,True
192,cinepolis-vip-las-americas-veracruz,26447,631.0,True
192,cinepolis-vip-las-americas-veracruz,17507,505.0,True
192,cinepolis-vip-las-americas-veracruz,14709,78.0,True
192,cinepolis-vip-las-americas-veracruz,14426,215.0,True
192,cinepolis-vip-las-americas-veracruz,27346,185.0,True
192,cinepolis-vip-las-americas-veracruz,18218,521.0,True
192,cinepolis-vip-las-americas-veracruz,18608,512.0,True
192,cinepolis-vip-las-americas-veracruz,28588,115.0,False
192,cinepolis-vip-las-americas-veracruz,15382,165.0,True
192,cinepolis-vip-las-americas-veracruz,26602,185.0,True
192,cinepolis-vip-las-americas-veracruz,27347,203.0,True
192,cinepolis-vip-las-americas-veracruz,14244,297.0,True
192,cinepolis-vip-las-americas-veracruz,18145,572.0,True
192,cinepolis-vip-las-americas-veracruz,14494,70.0,True
192,cinepolis-vip-las-americas-veracruz,23470,195.0,True
192,cinepolis-vip-las-americas-veracruz,28741,395.0,True
192,cinepolis-vip-las-americas-veracruz,18279,115.0,True
192,cinepolis-vip-las-americas-veracruz,28211,149.0,True
192,cinepolis-vip-las-americas-veracruz,14977,275.0,False
192,cinepolis-vip-las-americas-veracruz,6167,92.0,True
192,cinepolis-vip-las-americas-veracruz,14509,147.0,True
192,cinepolis-vip-las-americas-veracruz,18972,109.0,True
192,cinepolis-vip-las-americas-veracruz,14487,90.0,True
192,cinepolis-vip-las-americas-veracruz,15767,498.0,True
192,cinepolis-vip-las-americas-veracruz,14468,67.0,True
192,cinepolis-vip-las-americas-veracruz,21742,92.0,True
192,cinepolis-vip-las-americas-veracruz,15045,354.0,True
192,cinepolis-vip-las-americas-veracruz,28457,169.0,True
192,cinepolis-vip-las-americas-veracruz,18595,318.0,True
192,cinepolis-vip-las-americas-veracruz,22089,102.0,True
192,cinepolis-vip-las-americas-veracruz,14518,130.0,True
192,cinepolis-vip-las-americas-veracruz,23284,392.0,True
192,cinepolis-vip-las-americas-veracruz,17234,90.0,True
192,cinepolis-vip-las-americas-veracruz,15976,107.0,True
192,cinepolis-vip-las-americas-veracruz,18163,492.0,True
192,cinepolis-vip-las-americas-veracruz,22968,203.0,True
192,cinepolis-vip-las-americas-veracruz,25159,566.0,True
192,cinepolis-vip-las-americas-veracruz,18285,115.0,True
192,cinepolis-vip-las-americas-veracruz,18290,95.0,True
192,cinepolis-vip-las-americas-veracruz,14434,135.0,True
192,cinepolis-vip-las-americas-veracruz,15388,95.0,True
192,cinepolis-vip-las-americas-veracruz,224,55.0,True
192,cinepolis-vip-las-americas-veracruz,18779,84.0,True
192,cinepolis-vip-las-americas-veracruz,28485,139.0,True
192,cinepolis-vip-las-americas-veracruz,15004,188.0,True
192,cinepolis-vip-las-americas-veracruz,26972,238.0,True
192,cinepolis-vip-las-americas-veracruz,14965,126.0,True
192,cinepolis-vip-las-americas-veracruz,24222,142.0,True
192,cinepolis-vip-las-americas-veracruz,14396,177.0,True
192,cinepolis-vip-las-americas-veracruz,14294,125.0,True
192,cinepolis-vip-las-americas-veracruz,18579,269.0,True
192,cinepolis-vip-las-americas-veracruz,16799,117.0,True
192,cinepolis-vip-las-americas-veracruz,14938,150.0,True
192,cinepolis-vip-las-americas-veracruz,18588,262.0,True
192,cinepolis-vip-las-americas-veracruz,15228,445.0,True
192,cinepolis-vip-las-americas-veracruz,18585,260.0,True
192,cinepolis-vip-las-americas-veracruz,17223,119.0,True
192,cinepolis-vip-las-americas-veracruz,14175,100.0,True
192,cinepolis-vip-las-americas-veracruz,17114,150.0,True
192,cinepolis-vip-las-americas-veracruz,15324,83.0,True
192,cinepolis-vip-las-americas-veracruz,17102,185.0,True
192,cinepolis-vip-las-americas-veracruz,1783,70.0,True
192,cinepolis-vip-las-americas-veracruz,17097,165.0,True
192,cinepolis-vip-las-americas-veracruz,14424,236.0,True
192,cinepolis-vip-las-americas-veracruz,14979,187.0,True
192,cinepolis-vip-las-americas-veracruz,18616,435.0,True
192,cinepolis-vip-las-americas-veracruz,28716,185.0,True
192,cinepolis-vip-las-americas-veracruz,28218,199.0,True
192,cinepolis-vip-las-americas-veracruz,14420,215.0,True
192,cinepolis-vip-las-americas-veracruz,14423,178.0,True
192,cinepolis-vip-las-americas-veracruz,14359,142.0,True
192,cinepolis-vip-las-americas-veracruz,18234,274.0,True
192,cinepolis-vip-las-americas-veracruz,14733,88.0,True
192,cinepolis-vip-las-americas-veracruz,28514,179.0,True
192,cinepolis-vip-las-americas-veracruz,13126,47.0,True
192,cinepolis-vip-las-americas-veracruz,18778,89.0,True
192,cinepolis-vip-las-americas-veracruz,25679,103.0,True
192,cinepolis-vip-las-americas-veracruz,17095,165.0,True
192,cinepolis-vip-las-americas-veracruz,25647,185.0,True
192,cinepolis-vip-las-americas-veracruz,25486,83.0,True
192,cinepolis-vip-las-americas-veracruz,18115,367.0,True
192,cinepolis-vip-las-americas-veracruz,25983,215.0,True
192,cinepolis-vip-las-americas-veracruz,26692,626.0,True
192,cinepolis-vip-las-americas-veracruz,27223,371.0,True
192,cinepolis-vip-las-americas-veracruz,25297,283.0,True
192,cinepolis-vip-las-americas-veracruz,25610,137.0,True
192,cinepolis-vip-las-americas-veracruz,25929,142.0,True
192,cinepolis-vip-las-americas-veracruz,17996,285.0,True
192,cinepolis-vip-las-americas-veracruz,26261,206.0,True
192,cinepolis-vip-las-americas-veracruz,18790,89.0,True
192,cinepolis-vip-las-americas-veracruz,27233,341.0,True
192,cinepolis-vip-las-americas-veracruz,24935,594.0,True
192,cinepolis-vip-las-americas-veracruz,14160,27.0,True
192,cinepolis-vip-las-americas-veracruz,14846,125.0,True
192,cinepolis-vip-las-americas-veracruz,22471,90.0,True
192,cinepolis-vip-las-americas-veracruz,27830,134.0,True
192,cinepolis-vip-las-americas-veracruz,25677,103.0,True
192,cinepolis-vip-las-americas-veracruz,27808,196.0,True
192,cinepolis-vip-las-americas-veracruz,17208,147.0,True
192,cinepolis-vip-las-americas-veracruz,927,82.0,True
192,cinepolis-vip-las-americas-veracruz,24525,158.0,True
192,cinepolis-vip-las-americas-veracruz,14430,109.0,True
192,cinepolis-vip-las-americas-veracruz,17533,111.0,True
192,cinepolis-vip-las-americas-veracruz,28223,247.0,True
192,cinepolis-vip-las-americas-veracruz,15340,101.0,True
192,cinepolis-vip-las-americas-veracruz,15374,115.0,True
192,cinepolis-vip-las-americas-veracruz,17209,119.0,True
192,cinepolis-vip-las-americas-veracruz,15188,382.0,True
192,cinepolis-vip-las-americas-veracruz,21743,92.0,True
192,cinepolis-vip-las-americas-veracruz,15211,324.0,True
192,cinepolis-vip-las-americas-veracruz,24269,244.0,True
192,cinepolis-vip-las-americas-veracruz,17691,58.0,True
192,cinepolis-vip-las-americas-veracruz,14416,157.0,True
192,cinepolis-vip-las-americas-veracruz,24940,185.0,True
192,cinepolis-vip-las-americas-veracruz,15342,110.0,True
192,cinepolis-vip-las-americas-veracruz,15766,468.0,True
192,cinepolis-vip-las-americas-veracruz,25484,83.0,True
192,cinepolis-vip-las-americas-veracruz,24527,167.0,False
192,cinepolis-vip-las-americas-veracruz,17535,119.0,True
192,cinepolis-vip-las-americas-veracruz,17340,86.0,True
192,cinepolis-vip-las-americas-veracruz,14399,226.0,True
192,cinepolis-vip-las-americas-veracruz,17104,185.0,True
192,cinepolis-vip-las-americas-veracruz,16794,109.0,True
192,cinepolis-vip-las-americas-veracruz,22472,113.0,True
192,cinepolis-vip-las-americas-veracruz,14414,157.0,True
192,cinepolis-vip-las-americas-veracruz,27230,190.0,True
192,cinepolis-vip-las-americas-veracruz,17536,111.0,True
192,cinepolis-vip-las-americas-veracruz,14974,177.0,True
192,cinepolis-vip-las-americas-veracruz,17103,165.0,True
192,cinepolis-vip-las-americas-veracruz,18329,335.0,True
192,cinepolis-vip-las-americas-veracruz,25298,453.0,True
192,cinepolis-vip-las-americas-veracruz,25237,32.0,True
192,cinepolis-vip-las-americas-veracruz,15404,185.0,True
192,cinepolis-vip-las-americas-veracruz,14473,70.0,True
192,cinepolis-vip-las-americas-veracruz,28513,134.0,True
1103,cinepolis-portal-veracruz,18446,109.0,True
1103,cinepolis-portal-veracruz,28356,374.0,True
1103,cinepolis-portal-veracruz,14179,312.0,True
1103,cinepolis-portal-veracruz,14089,102.0,True
1103,cinepolis-portal-veracruz,14212,82.0,True
1103,cinepolis-portal-veracruz,25160,585.0,True
1103,cinepolis-portal-veracruz,28358,554.0,True
1103,cinepolis-portal-veracruz,25186,79.0,True
1103,cinepolis-portal-veracruz,15972,55.0,True
1103,cinepolis-portal-veracruz,13125,45.0,True
1103,cinepolis-portal-veracruz,14244,297.0,True
1103,cinepolis-portal-veracruz,16896,332.0,True
1103,cinepolis-portal-veracruz,27323,79.0,True
1103,cinepolis-portal-veracruz,16496,0.0,True
1103,cinepolis-portal-veracruz,28888,450.0,True
1103,cinepolis-portal-veracruz,28603,89.0,True
1103,cinepolis-portal-veracruz,14175,102.0,True
1103,cinepolis-portal-veracruz,17500,388.0,True
1103,cinepolis-portal-veracruz,14575,44.0,True
1103,cinepolis-portal-veracruz,28729,360.0,True
1103,cinepolis-portal-veracruz,15773,461.0,True
1103,cinepolis-portal-veracruz,28504,49.0,True
1103,cinepolis-portal-veracruz,15766,467.0,True
1103,cinepolis-portal-veracruz,13122,84.0,True
1103,cinepolis-portal-veracruz,15670,92.0,True
1103,cinepolis-portal-veracruz,17509,276.0,True
1103,cinepolis-portal-veracruz,25484,77.0,True
1103,cinepolis-portal-veracruz,22231,53.0,True
1103,cinepolis-portal-veracruz,18972,115.0,True
1103,cinepolis-portal-veracruz,17685,479.0,True
1103,cinepolis-portal-veracruz,16468,548.0,True
1103,cinepolis-portal-veracruz,17340,87.0,True
1103,cinepolis-portal-veracruz,19654,45.0,True
1103,cinepolis-portal-veracruz,15743,113.0,True
1103,cinepolis-portal-veracruz,1783,67.0,True
1103,cinepolis-portal-veracruz,15767,497.0,True
1103,cinepolis-portal-veracruz,25485,77.0,True
1103,cinepolis-portal-veracruz,21042,97.0,True
1103,cinepolis-portal-veracruz,21499,84.0,True
1103,cinepolis-portal-veracruz,14394,270.0,True
1103,cinepolis-portal-veracruz,202,56.0,True
1103,cinepolis-portal-veracruz,27419,107.0,True
1103,cinepolis-portal-veracruz,6241,54.0,True
1103,cinepolis-portal-veracruz,16454,395.0,True
1103,cinepolis-portal-veracruz,15746,293.0,True
1103,cinepolis-portal-veracruz,17504,375.0,True
1103,cinepolis-portal-veracruz,28886,355.0,True
1103,cinepolis-portal-veracruz,28823,355.0,True
1103,cinepolis-portal-veracruz,28359,580.0,True
1103,cinepolis-portal-veracruz,25159,559.0,True
1103,cinepolis-portal-veracruz,25486,77.0,True
1103,cinepolis-portal-veracruz,28918,230.0,True
1103,cinepolis-portal-veracruz,17497,390.0,True
1103,cinepolis-portal-veracruz,16893,342.0,True
1103,cinepolis-portal-veracruz,224,58.0,True
1103,cinepolis-portal-veracruz,234,45.0,True
1103,cinepolis-portal-veracruz,23035,282.0,True
1103,cinepolis-portal-veracruz,17507,505.0,True
1103,cinepolis-portal-veracruz,14511,196.0,True
1103,cinepolis-portal-veracruz,23399,0.0,True
1103,cinepolis-portal-veracruz,14301,387.0,True
1103,cinepolis-portal-veracruz,15757,457.0,True
1103,cinepolis-portal-veracruz,14160,24.0,True
247,cinepolis-plaza-las-americas-xalapa,28782,369.0,True
247,cinepolis-plaza-las-americas-xalapa,18446,109.0,True
247,cinepolis-plaza-las-americas-xalapa,14179,312.0,True
247,cinepolis-plaza-las-americas-xalapa,14089,102.0,True
247,cinepolis-plaza-las-americas-xalapa,15972,55.0,True
247,cinepolis-plaza-las-americas-xalapa,26055,111.0,True
247,cinepolis-plaza-las-americas-xalapa,13125,45.0,True
247,cinepolis-plaza-las-americas-xalapa,28583,120.0,False
247,cinepolis-plaza-las-americas-xalapa,28729,360.0,True
247,cinepolis-plaza-las-americas-xalapa,28504,49.0,True
247,cinepolis-plaza-las-americas-xalapa,13122,84.0,True
247,cinepolis-plaza-las-americas-xalapa,26058,125.0,True
247,cinepolis-plaza-las-americas-xalapa,16272,119.0,True
247,cinepolis-plaza-las-americas-xalapa,15658,188.0,True
247,cinepolis-plaza-las-americas-xalapa,22231,53.0,True
247,cinepolis-plaza-las-americas-xalapa,28120,130.0,True
247,cinepolis-plaza-las-americas-xalapa,16468,548.0,True
247,cinepolis-plaza-las-americas-xalapa,19654,45.0,True
247,cinepolis-plaza-las-americas-xalapa,15176,93.0,True
247,cinepolis-plaza-las-americas-xalapa,24758,137.0,True
247,cinepolis-plaza-las-americas-xalapa,15746,293.0,True
247,cinepolis-plaza-las-americas-xalapa,17504,375.0,True
247,cinepolis-plaza-las-americas-xalapa,15207,99.0,True
247,cinepolis-plaza-las-americas-xalapa,15535,110.0,True
247,cinepolis-plaza-las-americas-xalapa,28823,355.0,True
247,cinepolis-plaza-las-americas-xalapa,24200,265.0,True
247,cinepolis-plaza-las-americas-xalapa,22528,149.0,True
247,cinepolis-plaza-las-americas-xalapa,14700,78.0,True
247,cinepolis-plaza-las-americas-xalapa,16893,342.0,True
247,cinepolis-plaza-las-americas-xalapa,15698,162.0,True
247,cinepolis-plaza-las-americas-xalapa,14709,78.0,True
247,cinepolis-plaza-las-americas-xalapa,25671,107.0,False
247,cinepolis-plaza-las-americas-xalapa,17773,362.0,True
247,cinepolis-plaza-las-americas-xalapa,15549,194.0,True
247,cinepolis-plaza-las-americas-xalapa,28588,120.0,False
247,cinepolis-plaza-las-americas-xalapa,28356,374.0,True
247,cinepolis-plaza-las-americas-xalapa,28586,120.0,False
247,cinepolis-plaza-las-americas-xalapa,28888,450.0,True
247,cinepolis-plaza-las-americas-xalapa,241,59.0,True
247,cinepolis-plaza-las-americas-xalapa,17500,388.0,True
247,cinepolis-plaza-las-americas-xalapa,14575,44.0,True
247,cinepolis-plaza-las-americas-xalapa,15670,92.0,True
247,cinepolis-plaza-las-americas-xalapa,17509,276.0,True
247,cinepolis-plaza-las-americas-xalapa,18972,115.0,True
247,cinepolis-plaza-las-americas-xalapa,24195,212.0,True
247,cinepolis-plaza-las-americas-xalapa,15767,497.0,True
247,cinepolis-plaza-las-americas-xalapa,15060,93.0,True
247,cinepolis-plaza-las-americas-xalapa,21408,159.0,True
247,cinepolis-plaza-las-americas-xalapa,21499,84.0,True
247,cinepolis-plaza-las-americas-xalapa,27419,107.0,True
247,cinepolis-plaza-las-americas-xalapa,28781,279.0,True
247,cinepolis-plaza-las-americas-xalapa,28748,125.0,True
247,cinepolis-plaza-las-americas-xalapa,15976,109.0,True
247,cinepolis-plaza-las-americas-xalapa,28359,580.0,True
247,cinepolis-plaza-las-americas-xalapa,28717,299.0,True
247,cinepolis-plaza-las-americas-xalapa,27592,129.0,True
247,cinepolis-plaza-las-americas-xalapa,15655,115.0,True
247,cinepolis-plaza-las-americas-xalapa,17497,390.0,True
247,cinepolis-plaza-las-americas-xalapa,27622,299.0,True
247,cinepolis-plaza-las-americas-xalapa,17718,280.0,True
247,cinepolis-plaza-las-americas-xalapa,14662,95.0,True
247,cinepolis-plaza-las-americas-xalapa,23035,282.0,True
247,cinepolis-plaza-las-americas-xalapa,15147,93.0,False
247,cinepolis-plaza-las-americas-xalapa,15773,461.0,True
247,cinepolis-plaza-las-americas-xalapa,224,58.0,True
247,cinepolis-plaza-las-americas-xalapa,15117,99.0,True
247,cinepolis-plaza-las-americas-xalapa,14212,82.0,True
247,cinepolis-plaza-las-americas-xalapa,24687,188.0,True
247,cinepolis-plaza-las-americas-xalapa,28098,130.0,True
247,cinepolis-plaza-las-americas-xalapa,16896,332.0,True
247,cinepolis-plaza-las-americas-xalapa,27829,135.0,True
247,cinepolis-plaza-las-americas-xalapa,16496,0.0,True
247,cinepolis-plaza-las-americas-xalapa,28780,194.0,True
247,cinepolis-plaza-las-americas-xalapa,28902,620.0,True
247,cinepolis-plaza-las-americas-xalapa,25681,107.0,True
247,cinepolis-plaza-las-americas-xalapa,1783,67.0,True
247,cinepolis-plaza-las-americas-xalapa,15743,113.0,True
247,cinepolis-plaza-las-americas-xalapa,15437,194.0,True
247,cinepolis-plaza-las-americas-xalapa,14394,270.0,True
247,cinepolis-plaza-las-americas-xalapa,16454,395.0,True
247,cinepolis-plaza-las-americas-xalapa,14733,88.0,True
247,cinepolis-plaza-las-americas-xalapa,15477,105.0,True
247,cinepolis-plaza-las-americas-xalapa,28886,355.0,True
247,cinepolis-plaza-las-americas-xalapa,25679,107.0,True
247,cinepolis-plaza-las-americas-xalapa,15443,194.0,True
247,cinepolis-plaza-las-americas-xalapa,28188,220.0,True
247,cinepolis-plaza-las-americas-xalapa,26051,111.0,True
247,cinepolis-plaza-las-americas-xalapa,27625,485.0,True
247,cinepolis-plaza-las-americas-xalapa,14301,387.0,True
247,cinepolis-plaza-las-americas-xalapa,5400,120.0,True
247,cinepolis-plaza-las-americas-xalapa,15757,457.0,True
247,cinepolis-plaza-las-americas-xalapa,16260,127.0,True
247,cinepolis-plaza-las-americas-xalapa,25677,107.0,True
247,cinepolis-plaza-las-americas-xalapa,14734,76.0,False
247,cinepolis-plaza-las-americas-xalapa,28358,554.0,True
247,cinepolis-plaza-las-americas-xalapa,15640,188.0,True
247,cinepolis-plaza-las-americas-xalapa,17533,110.0,True
247,cinepolis-plaza-las-americas-xalapa,26052,117.0,True
247,cinepolis-plaza-las-americas-xalapa,15143,93.0,False
247,cinepolis-plaza-las-americas-xalapa,15766,467.0,True
247,cinepolis-plaza-las-americas-xalapa,28578,120.0,False
247,cinepolis-plaza-las-americas-xalapa,17535,120.0,True
247,cinepolis-plaza-las-americas-xalapa,17340,87.0,True
247,cinepolis-plaza-las-americas-xalapa,15118,99.0,True
247,cinepolis-plaza-las-americas-xalapa,28072,35.0,True
247,cinepolis-plaza-las-americas-xalapa,28190,189.0,True
247,cinepolis-plaza-las-americas-xalapa,21042,97.0,True
247,cinepolis-plaza-las-americas-xalapa,14220,94.0,True
247,cinepolis-plaza-las-americas-xalapa,202,56.0,True
247,cinepolis-plaza-las-americas-xalapa,28088,218.0,True
247,cinepolis-plaza-las-americas-xalapa,23142,285.0,True
247,cinepolis-plaza-las-americas-xalapa,14739,76.0,False
247,cinepolis-plaza-las-americas-xalapa,17536,110.0,True
247,cinepolis-plaza-las-americas-xalapa,234,45.0,True
247,cinepolis-plaza-las-americas-xalapa,14580,55.0,False
247,cinepolis-plaza-las-americas-xalapa,25237,29.0,True
247,cinepolis-plaza-las-americas-xalapa,15642,188.0,True
247,cinepolis-plaza-las-americas-xalapa,14511,196.0,True
247,cinepolis-plaza-las-americas-xalapa,28715,162.0,True
665,cinepolis-vip-las-americas-xalapa,27884,197.0,True
665,cinepolis-vip-las-americas-xalapa,24228,162.0,True
665,cinepolis-vip-las-americas-xalapa,26262,242.0,True
665,cinepolis-vip-las-americas-xalapa,14297,133.0,True
665,cinepolis-vip-las-americas-xalapa,18446,109.0,True
665,cinepolis-vip-las-americas-xalapa,14179,332.0,True
665,cinepolis-vip-las-americas-xalapa,925,90.0,True
665,cinepolis-vip-las-americas-xalapa,14089,115.0,True
665,cinepolis-vip-las-americas-xalapa,25186,79.0,True
665,cinepolis-vip-las-americas-xalapa,15069,124.0,True
665,cinepolis-vip-las-americas-xalapa,26055,114.0,True
665,cinepolis-vip-las-americas-xalapa,13125,47.0,True
665,cinepolis-vip-las-americas-xalapa,25177,104.0,True
665,cinepolis-vip-las-americas-xalapa,28583,124.0,False
665,cinepolis-vip-las-americas-xalapa,28195,218.0,True
665,cinepolis-vip-las-americas-xalapa,20788,321.0,True
665,cinepolis-vip-las-americas-xalapa,14402,205.0,True
665,cinepolis-vip-las-americas-xalapa,17212,489.0,True
665,cinepolis-vip-las-americas-xalapa,28742,635.0,True
665,cinepolis-vip-las-americas-xalapa,16792,137.0,True
665,cinepolis-vip-las-americas-xalapa,17099,197.0,True
665,cinepolis-vip-las-americas-xalapa,18538,143.0,True
665,cinepolis-vip-las-americas-xalapa,28729,415.0,True
665,cinepolis-vip-las-americas-xalapa,26604,197.0,True
665,cinepolis-vip-las-americas-xalapa,14790,0.0,True
665,cinepolis-vip-las-americas-xalapa,26058,127.0,True
665,cinepolis-vip-las-americas-xalapa,13122,83.0,True
665,cinepolis-vip-las-americas-xalapa,26165,195.0,True
665,cinepolis-vip-las-americas-xalapa,4465,56.0,True
665,cinepolis-vip-las-americas-xalapa,24226,240.0,True
665,cinepolis-vip-las-americas-xalapa,18078,146.0,True
665,cinepolis-vip-las-americas-xalapa,26689,433.0,True
665,cinepolis-vip-las-americas-xalapa,25148,138.0,True
665,cinepolis-vip-las-americas-xalapa,25178,104.0,True
665,cinepolis-vip-las-americas-xalapa,14373,173.0,True
665,cinepolis-vip-las-americas-xalapa,18341,567.0,True
665,cinepolis-vip-las-americas-xalapa,14389,242.0,True
665,cinepolis-vip-las-americas-xalapa,21455,172.0,True
665,cinepolis-vip-las-americas-xalapa,18795,45.0,True
665,cinepolis-vip-las-americas-xalapa,15207,105.0,True
665,cinepolis-vip-las-americas-xalapa,15535,116.0,True
665,cinepolis-vip-las-americas-xalapa,14700,84.0,True
665,cinepolis-vip-las-americas-xalapa,14393,240.0,True
665,cinepolis-vip-las-americas-xalapa,27574,419.0,True
665,cinepolis-vip-las-americas-xalapa,28537,165.0,True
665,cinepolis-vip-las-americas-xalapa,14994,248.0,True
665,cinepolis-vip-las-americas-xalapa,26447,671.0,True
665,cinepolis-vip-las-americas-xalapa,17507,523.0,True
665,cinepolis-vip-las-americas-xalapa,25866,260.0,True
665,cinepolis-vip-las-americas-xalapa,14709,84.0,True
665,cinepolis-vip-las-americas-xalapa,25671,111.0,True
665,cinepolis-vip-las-americas-xalapa,27838,104.0,True
665,cinepolis-vip-las-americas-xalapa,14426,229.0,True
665,cinepolis-vip-las-americas-xalapa,27346,197.0,True
665,cinepolis-vip-las-americas-xalapa,18218,563.0,True
665,cinepolis-vip-las-americas-xalapa,18608,536.0,True
665,cinepolis-vip-las-americas-xalapa,28588,124.0,False
665,cinepolis-vip-las-americas-xalapa,15382,176.0,True
665,cinepolis-vip-las-americas-xalapa,26602,197.0,True
665,cinepolis-vip-las-americas-xalapa,28586,124.0,False
665,cinepolis-vip-las-americas-xalapa,27347,216.0,True
665,cinepolis-vip-las-americas-xalapa,14244,310.0,True
665,cinepolis-vip-las-americas-xalapa,18145,592.0,True
665,cinepolis-vip-las-americas-xalapa,14494,75.0,True
665,cinepolis-vip-las-americas-xalapa,23470,208.0,True
665,cinepolis-vip-las-americas-xalapa,28741,419.0,True
665,cinepolis-vip-las-americas-xalapa,18279,122.0,True
665,cinepolis-vip-las-americas-xalapa,28211,159.0,True
665,cinepolis-vip-las-americas-xalapa,14977,293.0,False
665,cinepolis-vip-las-americas-xalapa,6167,99.0,True
665,cinepolis-vip-las-americas-xalapa,14509,157.0,True
665,cinepolis-vip-las-americas-xalapa,18972,117.0,True
665,cinepolis-vip-las-americas-xalapa,14487,96.0,True
665,cinepolis-vip-las-americas-xalapa,15767,520.0,True
665,cinepolis-vip-las-americas-xalapa,25485,83.0,True
665,cinepolis-vip-las-americas-xalapa,14468,67.0,True
665,cinepolis-vip-las-americas-xalapa,21742,92.0,True
665,cinepolis-vip-las-americas-xalapa,15045,377.0,True
665,cinepolis-vip-las-americas-xalapa,28457,180.0,True
665,cinepolis-vip-las-americas-xalapa,18595,332.0,True
665,cinepolis-vip-las-americas-xalapa,22089,108.0,True
665,cinepolis-vip-las-americas-xalapa,14518,138.0,True
665,cinepolis-vip-las-americas-xalapa,23284,408.0,True
665,cinepolis-vip-las-americas-xalapa,17234,95.0,True
665,cinepolis-vip-las-americas-xalapa,15976,115.0,True
665,cinepolis-vip-las-americas-xalapa,18163,512.0,True
665,cinepolis-vip-las-americas-xalapa,22968,216.0,True
665,cinepolis-vip-las-americas-xalapa,25159,595.0,True
665,cinepolis-vip-las-americas-xalapa,18285,122.0,True
665,cinepolis-vip-las-americas-xalapa,18290,99.0,True
665,cinepolis-vip-las-americas-xalapa,14434,144.0,True
665,cinepolis-vip-las-americas-xalapa,15388,99.0,True
665,cinepolis-vip-las-americas-xalapa,224,55.0,True
665,cinepolis-vip-las-americas-xalapa,18779,84.0,True
665,cinepolis-vip-las-americas-xalapa,28485,148.0,True
665,cinepolis-vip-las-americas-xalapa,15004,200.0,True
665,cinepolis-vip-las-americas-xalapa,26972,253.0,True
665,cinepolis-vip-las-americas-xalapa,14965,134.0,True
665,cinepolis-vip-las-americas-xalapa,24222,151.0,True
665,cinepolis-vip-las-americas-xalapa,14396,189.0,True
665,cinepolis-vip-las-americas-xalapa,14294,133.0,True
665,cinepolis-vip-las-americas-xalapa,18579,285.0,True
665,cinepolis-vip-las-americas-xalapa,16799,125.0,True
665,cinepolis-vip-las-americas-xalapa,14938,160.0,True
665,cinepolis-vip-las-americas-xalapa,18588,262.0,True
665,cinepolis-vip-las-americas-xalapa,15228,482.0,True
665,cinepolis-vip-las-americas-xalapa,18585,260.0,True
665,cinepolis-vip-las-americas-xalapa,17223,127.0,True
665,cinepolis-vip-las-americas-xalapa,14175,105.0,True
665,cinepolis-vip-las-americas-xalapa,17114,156.0,True
665,cinepolis-vip-las-americas-xalapa,15324,86.0,True
665,cinepolis-vip-las-americas-xalapa,14622,65.0,True
665,cinepolis-vip-las-americas-xalapa,17102,197.0,True
665,cinepolis-vip-las-americas-xalapa,25681,111.0,True
665,cinepolis-vip-las-americas-xalapa,1783,70.0,True
665,cinepolis-vip-las-americas-xalapa,17097,179.0,True
665,cinepolis-vip-las-americas-xalapa,14424,251.0,True
665,cinepolis-vip-las-americas-xalapa,14979,199.0,True
665,cinepolis-vip-las-americas-xalapa,18616,469.0,True
665,cinepolis-vip-las-americas-xalapa,28716,197.0,True
665,cinepolis-vip-las-americas-xalapa,28218,206.0,True
665,cinepolis-vip-las-americas-xalapa,14420,229.0,True
665,cinepolis-vip-las-americas-xalapa,14423,190.0,True
665,cinepolis-vip-las-americas-xalapa,14359,151.0,True
665,cinepolis-vip-las-americas-xalapa,24975,91.0,True
665,cinepolis-vip-las-americas-xalapa,18234,292.0,True
665,cinepolis-vip-las-americas-xalapa,14733,94.0,True
665,cinepolis-vip-las-americas-xalapa,28514,189.0,True
665,cinepolis-vip-las-americas-xalapa,13126,47.0,True
665,cinepolis-vip-las-americas-xalapa,18778,89.0,True
665,cinepolis-vip-las-americas-xalapa,25679,111.0,True
665,cinepolis-vip-las-americas-xalapa,17095,179.0,True
665,cinepolis-vip-las-americas-xalapa,18115,385.0,True
665,cinepolis-vip-las-americas-xalapa,25983,229.0,True
665,cinepolis-vip-las-americas-xalapa,26692,681.0,True
665,cinepolis-vip-las-americas-xalapa,27223,395.0,True
665,cinepolis-vip-las-americas-xalapa,26051,114.0,True
665,cinepolis-vip-las-americas-xalapa,25297,298.0,True
665,cinepolis-vip-las-americas-xalapa,25610,146.0,True
665,cinepolis-vip-las-americas-xalapa,25929,147.0,True
665,cinepolis-vip-las-americas-xalapa,17996,292.0,True
665,cinepolis-vip-las-americas-xalapa,26261,219.0,True
665,cinepolis-vip-las-americas-xalapa,18790,89.0,True
665,cinepolis-vip-las-americas-xalapa,27233,350.0,True
665,cinepolis-vip-las-americas-xalapa,24935,630.0,True
665,cinepolis-vip-las-americas-xalapa,14160,29.0,True
665,cinepolis-vip-las-americas-xalapa,14846,128.0,True
665,cinepolis-vip-las-americas-xalapa,22471,90.0,True
665,cinepolis-vip-las-americas-xalapa,27830,141.0,True
665,cinepolis-vip-las-americas-xalapa,25677,111.0,True
665,cinepolis-vip-las-americas-xalapa,27808,209.0,True
665,cinepolis-vip-las-americas-xalapa,17208,157.0,True
665,cinepolis-vip-las-americas-xalapa,927,90.0,True
665,cinepolis-vip-las-americas-xalapa,17533,118.0,True
665,cinepolis-vip-las-americas-xalapa,14430,116.0,True
665,cinepolis-vip-las-americas-xalapa,28223,257.0,True
665,cinepolis-vip-las-americas-xalapa,15340,105.0,True
665,cinepolis-vip-las-americas-xalapa,15374,122.0,True
665,cinepolis-vip-las-americas-xalapa,17209,127.0,True
665,cinepolis-vip-las-americas-xalapa,15188,414.0,True
665,cinepolis-vip-las-americas-xalapa,26052,120.0,True
665,cinepolis-vip-las-americas-xalapa,15211,350.0,True
665,cinepolis-vip-las-americas-xalapa,24269,260.0,True
665,cinepolis-vip-las-americas-xalapa,17691,64.0,True
665,cinepolis-vip-las-americas-xalapa,14416,167.0,True
665,cinepolis-vip-las-americas-xalapa,24940,197.0,True
665,cinepolis-vip-las-americas-xalapa,21743,92.0,True
665,cinepolis-vip-las-americas-xalapa,15342,115.0,True
665,cinepolis-vip-las-americas-xalapa,15766,490.0,True
665,cinepolis-vip-las-americas-xalapa,28578,124.0,False
665,cinepolis-vip-las-americas-xalapa,25484,83.0,True
665,cinepolis-vip-las-americas-xalapa,17535,126.0,True
665,cinepolis-vip-las-americas-xalapa,17340,86.0,True
665,cinepolis-vip-las-americas-xalapa,14399,240.0,True
665,cinepolis-vip-las-americas-xalapa,24227,207.0,True
665,cinepolis-vip-las-americas-xalapa,17104,197.0,True
665,cinepolis-vip-las-americas-xalapa,16794,115.0,True
665,cinepolis-vip-las-americas-xalapa,14755,0.0,True
665,cinepolis-vip-las-americas-xalapa,14414,167.0,True
665,cinepolis-vip-las-americas-xalapa,22472,113.0,True
665,cinepolis-vip-las-americas-xalapa,27230,190.0,True
665,cinepolis-vip-las-americas-xalapa,14974,189.0,True
665,cinepolis-vip-las-americas-xalapa,17103,179.0,True
665,cinepolis-vip-las-americas-xalapa,18329,355.0,True
665,cinepolis-vip-las-americas-xalapa,25298,473.0,True
665,cinepolis-vip-las-americas-xalapa,25237,34.0,True
665,cinepolis-vip-las-americas-xalapa,15404,197.0,True
665,cinepolis-vip-las-americas-xalapa,14473,75.0,True
665,cinepolis-vip-las-americas-xalapa,28513,142.0,True
040,cinepolis-plaza-crystal-xalapa,18446,86.0,True
040,cinepolis-plaza-crystal-xalapa,28356,297.0,True
040,cinepolis-plaza-crystal-xalapa,14179,252.0,True
040,cinepolis-plaza-crystal-xalapa,14089,82.0,True
040,cinepolis-plaza-crystal-xalapa,14212,62.0,True
040,cinepolis-plaza-crystal-xalapa,25160,485.0,True
040,cinepolis-plaza-crystal-xalapa,28358,454.0,True
040,cinepolis-plaza-crystal-xalapa,15972,47.0,True
040,cinepolis-plaza-crystal-xalapa,15973,85.0,True
040,cinepolis-plaza-crystal-xalapa,14244,235.0,True
040,cinepolis-plaza-crystal-xalapa,27323,69.0,True
040,cinepolis-plaza-crystal-xalapa,16496,0.0,True
040,cinepolis-plaza-crystal-xalapa,14175,78.0,True
040,cinepolis-plaza-crystal-xalapa,17500,318.0,True
040,cinepolis-plaza-crystal-xalapa,14575,41.0,True
040,cinepolis-plaza-crystal-xalapa,28729,280.0,True
040,cinepolis-plaza-crystal-xalapa,15773,355.0,True
040,cinepolis-plaza-crystal-xalapa,28504,45.0,True
040,cinepolis-plaza-crystal-xalapa,15766,355.0,True
040,cinepolis-plaza-crystal-xalapa,13122,73.0,True
040,cinepolis-plaza-crystal-xalapa,17509,224.0,True
040,cinepolis-plaza-crystal-xalapa,25484,68.0,True
040,cinepolis-plaza-crystal-xalapa,22231,48.0,True
040,cinepolis-plaza-crystal-xalapa,18972,99.0,True
040,cinepolis-plaza-crystal-xalapa,17685,389.0,True
040,cinepolis-plaza-crystal-xalapa,16468,433.0,True
040,cinepolis-plaza-crystal-xalapa,1783,58.0,True
040,cinepolis-plaza-crystal-xalapa,25485,68.0,True
040,cinepolis-plaza-crystal-xalapa,17818,222.0,True
040,cinepolis-plaza-crystal-xalapa,21042,77.0,True
040,cinepolis-plaza-crystal-xalapa,14572,62.0,True
040,cinepolis-plaza-crystal-xalapa,27419,87.0,True
040,cinepolis-plaza-crystal-xalapa,6241,34.0,True
040,cinepolis-plaza-crystal-xalapa,16454,322.0,True
040,cinepolis-plaza-crystal-xalapa,15746,233.0,True
040,cinepolis-plaza-crystal-xalapa,17504,322.0,True
040,cinepolis-plaza-crystal-xalapa,28886,355.0,True
040,cinepolis-plaza-crystal-xalapa,13126,40.0,True
040,cinepolis-plaza-crystal-xalapa,28823,290.0,True
040,cinepolis-plaza-crystal-xalapa,28359,480.0,True
040,cinepolis-plaza-crystal-xalapa,25159,459.0,True
040,cinepolis-plaza-crystal-xalapa,25486,68.0,True
040,cinepolis-plaza-crystal-xalapa,23035,233.0,True
040,cinepolis-plaza-crystal-xalapa,17507,415.0,True
040,cinepolis-plaza-crystal-xalapa,14511,167.0,True
040,cinepolis-plaza-crystal-xalapa,23399,0.0,True
040,cinepolis-plaza-crystal-xalapa,14301,310.0,True
040,cinepolis-plaza-crystal-xalapa,15757,352.0,True
040,cinepolis-plaza-crystal-xalapa,14160,24.0,True
125,cinepolis-plaza-museo-xalapa,18446,102.0,True
125,cinepolis-plaza-museo-xalapa,28356,334.0,True
125,cinepolis-plaza-museo-xalapa,14179,277.0,True
125,cinepolis-plaza-museo-xalapa,14089,88.0,True
125,cinepolis-plaza-museo-xalapa,14212,72.0,True
125,cinepolis-plaza-museo-xalapa,25160,525.0,True
125,cinepolis-plaza-museo-xalapa,28358,494.0,True
125,cinepolis-plaza-museo-xalapa,15972,49.0,True
125,cinepolis-plaza-museo-xalapa,25186,75.0,True
125,cinepolis-plaza-museo-xalapa,13125,40.0,True
125,cinepolis-plaza-museo-xalapa,14244,265.0,True
125,cinepolis-plaza-museo-xalapa,16896,298.0,True
125,cinepolis-plaza-museo-xalapa,16496,0.0,True
125,cinepolis-plaza-museo-xalapa,14175,90.0,True
125,cinepolis-plaza-museo-xalapa,17500,350.0,True
125,cinepolis-plaza-museo-xalapa,14575,42.0,True
125,cinepolis-plaza-museo-xalapa,28729,360.0,True
125,cinepolis-plaza-museo-xalapa,15773,410.0,True
125,cinepolis-plaza-museo-xalapa,28504,45.0,True
125,cinepolis-plaza-museo-xalapa,15766,412.0,True
125,cinepolis-plaza-museo-xalapa,15670,85.0,True
125,cinepolis-plaza-museo-xalapa,13122,79.0,True
125,cinepolis-plaza-museo-xalapa,17509,246.0,True
125,cinepolis-plaza-museo-xalapa,25484,77.0,True
125,cinepolis-plaza-museo-xalapa,18972,107.0,True
125,cinepolis-plaza-museo-xalapa,17685,434.0,True
125,cinepolis-plaza-museo-xalapa,16468,485.0,True
125,cinepolis-plaza-museo-xalapa,17340,82.0,True
125,cinepolis-plaza-museo-xalapa,1783,62.0,True
125,cinepolis-plaza-museo-xalapa,19654,40.0,True
125,cinepolis-plaza-museo-xalapa,15743,108.0,True
125,cinepolis-plaza-museo-xalapa,15767,442.0,True
125,cinepolis-plaza-museo-xalapa,21042,87.0,True
125,cinepolis-plaza-museo-xalapa,21499,79.0,True
125,cinepolis-plaza-museo-xalapa,14394,242.0,True
125,cinepolis-plaza-museo-xalapa,202,52.0,True
125,cinepolis-plaza-museo-xalapa,16454,355.0,True
125,cinepolis-plaza-museo-xalapa,15746,260.0,True
125,cinepolis-plaza-museo-xalapa,17504,348.0,True
125,cinepolis-plaza-museo-xalapa,28886,355.0,True
125,cinepolis-plaza-museo-xalapa,13126,40.0,True
125,cinepolis-plaza-museo-xalapa,28823,355.0,True
125,cinepolis-plaza-museo-xalapa,28359,520.0,True
125,cinepolis-plaza-museo-xalapa,25159,499.0,True
125,cinepolis-plaza-museo-xalapa,25486,77.0,True
125,cinepolis-plaza-museo-xalapa,28918,230.0,True
125,cinepolis-plaza-museo-xalapa,17497,352.0,True
125,cinepolis-plaza-museo-xalapa,16893,305.0,True
125,cinepolis-plaza-museo-xalapa,224,54.0,True
125,cinepolis-plaza-museo-xalapa,234,40.0,True
125,cinepolis-plaza-museo-xalapa,25237,29.0,True
125,cinepolis-plaza-museo-xalapa,23035,255.0,True
125,cinepolis-plaza-museo-xalapa,17507,460.0,True
125,cinepolis-plaza-museo-xalapa,14511,186.0,True
125,cinepolis-plaza-museo-xalapa,23399,0.0,True
125,cinepolis-plaza-museo-xalapa,14301,347.0,True
125,cinepolis-plaza-museo-xalapa,15757,405.0,True
125,cinepolis-plaza-museo-xalapa,14160,24.0,True
443,cinepolis-plaza-shangri-la-cordoba,18446,102.0,True
443,cinepolis-plaza-shangri-la-cordoba,28356,339.0,True
443,cinepolis-plaza-shangri-la-cordoba,14179,280.0,True
443,cinepolis-plaza-shangri-la-cordoba,14089,89.0,True
443,cinepolis-plaza-shangri-la-cordoba,14212,72.0,True
443,cinepolis-plaza-shangri-la-cordoba,25160,515.0,True
443,cinepolis-plaza-shangri-la-cordoba,28358,499.0,True
443,cinepolis-plaza-shangri-la-cordoba,25186,75.0,True
443,cinepolis-plaza-shangri-la-cordoba,15972,52.0,True
443,cinepolis-plaza-shangri-la-cordoba,13125,40.0,True
443,cinepolis-plaza-shangri-la-cordoba,14244,272.0,True
443,cinepolis-plaza-shangri-la-cordoba,16896,298.0,True
443,cinepolis-plaza-shangri-la-cordoba,27323,75.0,True
443,cinepolis-plaza-shangri-la-cordoba,16496,0.0,True
443,cinepolis-plaza-shangri-la-cordoba,14175,95.0,True
443,cinepolis-plaza-shangri-la-cordoba,17500,350.0,True
443,cinepolis-plaza-shangri-la-cordoba,14575,39.0,True
443,cinepolis-plaza-shangri-la-cordoba,28729,360.0,True
443,cinepolis-plaza-shangri-la-cordoba,15773,412.0,True
443,cinepolis-plaza-shangri-la-cordoba,28504,49.0,True
443,cinepolis-plaza-shangri-la-cordoba,15766,422.0,True
443,cinepolis-plaza-shangri-la-cordoba,13122,79.0,True
443,cinepolis-plaza-shangri-la-cordoba,15670,89.0,True
443,cinepolis-plaza-shangri-la-cordoba,17509,247.0,True
443,cinepolis-plaza-shangri-la-cordoba,25484,77.0,True
443,cinepolis-plaza-shangri-la-cordoba,22231,48.0,True
443,cinepolis-plaza-shangri-la-cordoba,18972,105.0,True
443,cinepolis-plaza-shangri-la-cordoba,17685,436.0,True
443,cinepolis-plaza-shangri-la-cordoba,16468,498.0,True
443,cinepolis-plaza-shangri-la-cordoba,17340,82.0,True
443,cinepolis-plaza-shangri-la-cordoba,19654,40.0,True
443,cinepolis-plaza-shangri-la-cordoba,15743,108.0,True
443,cinepolis-plaza-shangri-la-cordoba,1783,62.0,True
443,cinepolis-plaza-shangri-la-cordoba,15767,452.0,True
443,cinepolis-plaza-shangri-la-cordoba,25485,77.0,True
443,cinepolis-plaza-shangri-la-cordoba,28904,245.0,True
443,cinepolis-plaza-shangri-la-cordoba,21042,87.0,True
443,cinepolis-plaza-shangri-la-cordoba,21499,79.0,True
443,cinepolis-plaza-shangri-la-cordoba,28247,99.0,True
443,cinepolis-plaza-shangri-la-cordoba,14572,62.0,True
443,cinepolis-plaza-shangri-la-cordoba,14394,245.0,True
443,cinepolis-plaza-shangri-la-cordoba,202,52.0,True
443,cinepolis-plaza-shangri-la-cordoba,27419,97.0,True
443,cinepolis-plaza-shangri-la-cordoba,6241,49.0,True
443,cinepolis-plaza-shangri-la-cordoba,16454,360.0,True
443,cinepolis-plaza-shangri-la-cordoba,15746,262.0,True
443,cinepolis-plaza-shangri-la-cordoba,17504,342.0,True
443,cinepolis-plaza-shangri-la-cordoba,13126,40.0,True
443,cinepolis-plaza-shangri-la-cordoba,28823,355.0,True
443,cinepolis-plaza-shangri-la-cordoba,28359,525.0,True
443,cinepolis-plaza-shangri-la-cordoba,25159,489.0,True
443,cinepolis-plaza-shangri-la-cordoba,25486,77.0,True
443,cinepolis-plaza-shangri-la-cordoba,17497,352.0,True
443,cinepolis-plaza-shangri-la-cordoba,16893,309.0,True
443,cinepolis-plaza-shangri-la-cordoba,224,54.0,True
443,cinepolis-plaza-shangri-la-cordoba,234,40.0,True
443,cinepolis-plaza-shangri-la-cordoba,23035,255.0,True
443,cinepolis-plaza-shangri-la-cordoba,17507,462.0,True
443,cinepolis-plaza-shangri-la-cordoba,14511,185.0,True
443,cinepolis-plaza-shangri-la-cordoba,23399,0.0,True
443,cinepolis-plaza-shangri-la-cordoba,14301,352.0,True
443,cinepolis-plaza-shangri-la-cordoba,15757,407.0,True
443,cinepolis-plaza-shangri-la-cordoba,14160,22.0,True
388,cinepolis-plaza-valle-orizaba,28782,359.0,True
388,cinepolis-plaza-valle-orizaba,18446,106.0,True
388,cinepolis-plaza-valle-orizaba,14179,295.0,True
388,cinepolis-plaza-valle-orizaba,25160,555.0,True
388,cinepolis-plaza-valle-orizaba,14089,95.0,True
388,cinepolis-plaza-valle-orizaba,15972,52.0,True
388,cinepolis-plaza-valle-orizaba,25186,75.0,True
388,cinepolis-plaza-valle-orizaba,26055,109.0,True
388,cinepolis-plaza-valle-orizaba,13125,40.0,True
388,cinepolis-plaza-valle-orizaba,28583,118.0,False
388,cinepolis-plaza-valle-orizaba,27323,75.0,True
388,cinepolis-plaza-valle-orizaba,28729,360.0,True
388,cinepolis-plaza-valle-orizaba,28504,49.0,True
388,cinepolis-plaza-valle-orizaba,13122,79.0,True
388,cinepolis-plaza-valle-orizaba,26058,123.0,True
388,cinepolis-plaza-valle-orizaba,16272,115.0,True
388,cinepolis-plaza-valle-orizaba,15658,183.0,True
388,cinepolis-plaza-valle-orizaba,22231,48.0,True
388,cinepolis-plaza-valle-orizaba,28120,130.0,True
388,cinepolis-plaza-valle-orizaba,16468,525.0,True
388,cinepolis-plaza-valle-orizaba,19654,40.0,True
388,cinepolis-plaza-valle-orizaba,27837,93.0,True
388,cinepolis-plaza-valle-orizaba,15176,93.0,True
388,cinepolis-plaza-valle-orizaba,24758,129.0,True
388,cinepolis-plaza-valle-orizaba,15746,275.0,True
388,cinepolis-plaza-valle-orizaba,17504,355.0,True
388,cinepolis-plaza-valle-orizaba,15207,95.0,True
388,cinepolis-plaza-valle-orizaba,15535,105.0,True
388,cinepolis-plaza-valle-orizaba,28823,355.0,True
388,cinepolis-plaza-valle-orizaba,24200,255.0,True
388,cinepolis-plaza-valle-orizaba,22528,145.0,True
388,cinepolis-plaza-valle-orizaba,14700,78.0,True
388,cinepolis-plaza-valle-orizaba,16893,325.0,True
388,cinepolis-plaza-valle-orizaba,17507,481.0,True
388,cinepolis-plaza-valle-orizaba,15698,158.0,True
388,cinepolis-plaza-valle-orizaba,14709,78.0,True
388,cinepolis-plaza-valle-orizaba,25671,105.0,False
388,cinepolis-plaza-valle-orizaba,17773,342.0,True
388,cinepolis-plaza-valle-orizaba,15549,189.0,True
388,cinepolis-plaza-valle-orizaba,28588,118.0,False
388,cinepolis-plaza-valle-orizaba,28356,357.0,True
388,cinepolis-plaza-valle-orizaba,28586,118.0,False
388,cinepolis-plaza-valle-orizaba,14244,285.0,True
388,cinepolis-plaza-valle-orizaba,28888,450.0,True
388,cinepolis-plaza-valle-orizaba,17500,367.0,True
388,cinepolis-plaza-valle-orizaba,14575,44.0,True
388,cinepolis-plaza-valle-orizaba,15670,89.0,True
388,cinepolis-plaza-valle-orizaba,17509,259.0,True
388,cinepolis-plaza-valle-orizaba,18972,109.0,True
388,cinepolis-plaza-valle-orizaba,24195,209.0,True
388,cinepolis-plaza-valle-orizaba,28904,245.0,True
388,cinepolis-plaza-valle-orizaba,15767,477.0,True
388,cinepolis-plaza-valle-orizaba,25485,77.0,True
388,cinepolis-plaza-valle-orizaba,15060,88.0,True
388,cinepolis-plaza-valle-orizaba,21408,154.0,True
388,cinepolis-plaza-valle-orizaba,21499,79.0,True
388,cinepolis-plaza-valle-orizaba,27419,102.0,True
388,cinepolis-plaza-valle-orizaba,28781,269.0,True
388,cinepolis-plaza-valle-orizaba,15976,105.0,True
388,cinepolis-plaza-valle-orizaba,28359,550.0,True
388,cinepolis-plaza-valle-orizaba,28717,289.0,True
388,cinepolis-plaza-valle-orizaba,25159,529.0,True
388,cinepolis-plaza-valle-orizaba,27592,127.0,True
388,cinepolis-plaza-valle-orizaba,15655,109.0,True
388,cinepolis-plaza-valle-orizaba,17497,368.0,True
388,cinepolis-plaza-valle-orizaba,27622,289.0,True
388,cinepolis-plaza-valle-orizaba,17718,262.0,True
388,cinepolis-plaza-valle-orizaba,14662,88.0,True
388,cinepolis-plaza-valle-orizaba,23035,265.0,True
388,cinepolis-plaza-valle-orizaba,15147,93.0,False
388,cinepolis-plaza-valle-orizaba,23399,0.0,True
388,cinepolis-plaza-valle-orizaba,15773,438.0,True
388,cinepolis-plaza-valle-orizaba,224,54.0,True
388,cinepolis-plaza-valle-orizaba,15117,99.0,True
388,cinepolis-plaza-valle-orizaba,14212,77.0,True
388,cinepolis-plaza-valle-orizaba,24687,183.0,True
388,cinepolis-plaza-valle-orizaba,28098,130.0,True
388,cinepolis-plaza-valle-orizaba,16896,312.0,True
388,cinepolis-plaza-valle-orizaba,27829,130.0,True
388,cinepolis-plaza-valle-orizaba,16496,0.0,True
388,cinepolis-plaza-valle-orizaba,14175,100.0,True
388,cinepolis-plaza-valle-orizaba,28780,189.0,True
388,cinepolis-plaza-valle-orizaba,17685,455.0,True
388,cinepolis-plaza-valle-orizaba,28902,620.0,True
388,cinepolis-plaza-valle-orizaba,25681,105.0,True
388,cinepolis-plaza-valle-orizaba,1783,62.0,True
388,cinepolis-plaza-valle-orizaba,15743,108.0,True
388,cinepolis-plaza-valle-orizaba,15437,189.0,True
388,cinepolis-plaza-valle-orizaba,28247,99.0,True
388,cinepolis-plaza-valle-orizaba,14572,62.0,True
388,cinepolis-plaza-valle-orizaba,14394,255.0,True
388,cinepolis-plaza-valle-orizaba,16454,375.0,True
388,cinepolis-plaza-valle-orizaba,14733,88.0,True
388,cinepolis-plaza-valle-orizaba,15477,99.0,True
388,cinepolis-plaza-valle-orizaba,13126,40.0,True
388,cinepolis-plaza-valle-orizaba,25679,105.0,True
388,cinepolis-plaza-valle-orizaba,28886,355.0,True
388,cinepolis-plaza-valle-orizaba,15443,189.0,True
388,cinepolis-plaza-valle-orizaba,25486,77.0,True
388,cinepolis-plaza-valle-orizaba,26051,109.0,True
388,cinepolis-plaza-valle-orizaba,27625,469.0,True
388,cinepolis-plaza-valle-orizaba,14301,370.0,True
388,cinepolis-plaza-valle-orizaba,5400,115.0,True
388,cinepolis-plaza-valle-orizaba,15757,432.0,True
388,cinepolis-plaza-valle-orizaba,14160,24.0,True
388,cinepolis-plaza-valle-orizaba,16260,120.0,True
388,cinepolis-plaza-valle-orizaba,25677,105.0,True
388,cinepolis-plaza-valle-orizaba,14734,71.0,False
388,cinepolis-plaza-valle-orizaba,28358,524.0,True
388,cinepolis-plaza-valle-orizaba,15640,183.0,True
388,cinepolis-plaza-valle-orizaba,17533,110.0,True
388,cinepolis-plaza-valle-orizaba,26052,115.0,True
388,cinepolis-plaza-valle-orizaba,15143,93.0,False
388,cinepolis-plaza-valle-orizaba,15766,447.0,True
388,cinepolis-plaza-valle-orizaba,28578,118.0,False
388,cinepolis-plaza-valle-orizaba,25484,77.0,True
388,cinepolis-plaza-valle-orizaba,17535,115.0,True
388,cinepolis-plaza-valle-orizaba,17340,82.0,True
388,cinepolis-plaza-valle-orizaba,15118,99.0,True
388,cinepolis-plaza-valle-orizaba,28072,35.0,True
388,cinepolis-plaza-valle-orizaba,28190,187.0,True
388,cinepolis-plaza-valle-orizaba,21042,92.0,True
388,cinepolis-plaza-valle-orizaba,14220,89.0,True
388,cinepolis-plaza-valle-orizaba,6241,49.0,True
388,cinepolis-plaza-valle-orizaba,28088,218.0,True
388,cinepolis-plaza-valle-orizaba,23142,269.0,True
388,cinepolis-plaza-valle-orizaba,28918,230.0,True
388,cinepolis-plaza-valle-orizaba,14739,71.0,False
388,cinepolis-plaza-valle-orizaba,17536,110.0,True
388,cinepolis-plaza-valle-orizaba,234,40.0,True
388,cinepolis-plaza-valle-orizaba,14580,50.0,False
388,cinepolis-plaza-valle-orizaba,25237,29.0,True
388,cinepolis-plaza-valle-orizaba,15642,183.0,True
388,cinepolis-plaza-valle-orizaba,14511,194.0,True
388,cinepolis-plaza-valle-orizaba,28715,158.0,True
609,cinepolis-rio-blanco-orizaba,18446,86.0,True
609,cinepolis-rio-blanco-orizaba,28356,297.0,True
609,cinepolis-rio-blanco-orizaba,14179,252.0,True
609,cinepolis-rio-blanco-orizaba,14089,82.0,True
609,cinepolis-rio-blanco-orizaba,14212,62.0,True
609,cinepolis-rio-blanco-orizaba,25160,485.0,True
609,cinepolis-rio-blanco-orizaba,28358,454.0,True
609,cinepolis-rio-blanco-orizaba,15972,47.0,True
609,cinepolis-rio-blanco-orizaba,15973,85.0,True
609,cinepolis-rio-blanco-orizaba,13125,40.0,True
609,cinepolis-rio-blanco-orizaba,14244,235.0,True
609,cinepolis-rio-blanco-orizaba,16896,0.0,True
609,cinepolis-rio-blanco-orizaba,27323,69.0,True
609,cinepolis-rio-blanco-orizaba,16496,0.0,True
609,cinepolis-rio-blanco-orizaba,14175,78.0,True
609,cinepolis-rio-blanco-orizaba,17500,318.0,True
609,cinepolis-rio-blanco-orizaba,14575,41.0,True
609,cinepolis-rio-blanco-orizaba,28729,280.0,True
609,cinepolis-rio-blanco-orizaba,15773,355.0,True
609,cinepolis-rio-blanco-orizaba,13122,73.0,True
609,cinepolis-rio-blanco-orizaba,15766,355.0,True
609,cinepolis-rio-blanco-orizaba,17509,224.0,True
609,cinepolis-rio-blanco-orizaba,25484,68.0,True
609,cinepolis-rio-blanco-orizaba,18972,99.0,True
609,cinepolis-rio-blanco-orizaba,17685,389.0,True
609,cinepolis-rio-blanco-orizaba,28902,620.0,True
609,cinepolis-rio-blanco-orizaba,16468,433.0,True
609,cinepolis-rio-blanco-orizaba,1783,58.0,True
609,cinepolis-rio-blanco-orizaba,28904,245.0,True
609,cinepolis-rio-blanco-orizaba,17818,222.0,True
609,cinepolis-rio-blanco-orizaba,21042,77.0,True
609,cinepolis-rio-blanco-orizaba,14572,62.0,True
609,cinepolis-rio-blanco-orizaba,27419,87.0,True
609,cinepolis-rio-blanco-orizaba,6241,34.0,True
609,cinepolis-rio-blanco-orizaba,16454,322.0,True
609,cinepolis-rio-blanco-orizaba,15746,233.0,True
609,cinepolis-rio-blanco-orizaba,17504,322.0,True
609,cinepolis-rio-blanco-orizaba,13126,40.0,True
609,cinepolis-rio-blanco-orizaba,28823,290.0,True
609,cinepolis-rio-blanco-orizaba,28359,480.0,True
609,cinepolis-rio-blanco-orizaba,25159,459.0,True
609,cinepolis-rio-blanco-orizaba,25486,68.0,True
609,cinepolis-rio-blanco-orizaba,28918,230.0,True
609,cinepolis-rio-blanco-orizaba,16893,275.0,True
609,cinepolis-rio-blanco-orizaba,234,35.0,True
609,cinepolis-rio-blanco-orizaba,23035,233.0,True
609,cinepolis-rio-blanco-orizaba,17507,415.0,True
609,cinepolis-rio-blanco-orizaba,14511,167.0,True
609,cinepolis-rio-blanco-orizaba,23399,0.0,True
609,cinepolis-rio-blanco-orizaba,14301,310.0,True
609,cinepolis-rio-blanco-orizaba,15757,352.0,True
609,cinepolis-rio-blanco-orizaba,14160,24.0,True
139,cinepolis-plaza-minatitlan,18446,106.0,True
139,cinepolis-plaza-minatitlan,28356,357.0,True
139,cinepolis-plaza-minatitlan,14179,295.0,True
139,cinepolis-plaza-minatitlan,14089,95.0,True
139,cinepolis-plaza-minatitlan,14212,77.0,True
139,cinepolis-plaza-minatitlan,25160,555.0,True
139,cinepolis-plaza-minatitlan,28358,524.0,True
139,cinepolis-plaza-minatitlan,13125,40.0,True
139,cinepolis-plaza-minatitlan,14244,285.0,True
139,cinepolis-plaza-minatitlan,16896,312.0,True
139,cinepolis-plaza-minatitlan,27323,75.0,True
139,cinepolis-plaza-minatitlan,16496,0.0,True
139,cinepolis-plaza-minatitlan,14175,100.0,True
139,cinepolis-plaza-minatitlan,17500,367.0,True
139,cinepolis-plaza-minatitlan,14575,44.0,True
139,cinepolis-plaza-minatitlan,28729,360.0,True
139,cinepolis-plaza-minatitlan,15773,438.0,True
139,cinepolis-plaza-minatitlan,28504,49.0,True
139,cinepolis-plaza-minatitlan,15766,447.0,True
139,cinepolis-plaza-minatitlan,13122,79.0,True
139,cinepolis-plaza-minatitlan,15670,89.0,True
139,cinepolis-plaza-minatitlan,17509,259.0,True
139,cinepolis-plaza-minatitlan,25484,77.0,True
139,cinepolis-plaza-minatitlan,18972,109.0,True
139,cinepolis-plaza-minatitlan,17685,455.0,True
139,cinepolis-plaza-minatitlan,28902,620.0,True
139,cinepolis-plaza-minatitlan,16468,525.0,True
139,cinepolis-plaza-minatitlan,17340,82.0,True
139,cinepolis-plaza-minatitlan,19654,40.0,True
139,cinepolis-plaza-minatitlan,15743,108.0,True
139,cinepolis-plaza-minatitlan,1783,62.0,True
139,cinepolis-plaza-minatitlan,15767,477.0,True
139,cinepolis-plaza-minatitlan,21499,79.0,True
139,cinepolis-plaza-minatitlan,14572,62.0,True
139,cinepolis-plaza-minatitlan,27419,102.0,True
139,cinepolis-plaza-minatitlan,28667,450.0,True
139,cinepolis-plaza-minatitlan,6241,49.0,True
139,cinepolis-plaza-minatitlan,16454,375.0,True
139,cinepolis-plaza-minatitlan,15746,275.0,True
139,cinepolis-plaza-minatitlan,17504,355.0,True
139,cinepolis-plaza-minatitlan,28682,289.0,True
139,cinepolis-plaza-minatitlan,28823,355.0,True
139,cinepolis-plaza-minatitlan,28359,550.0,True
139,cinepolis-plaza-minatitlan,25159,529.0,True
139,cinepolis-plaza-minatitlan,25486,77.0,True
139,cinepolis-plaza-minatitlan,17497,368.0,True
139,cinepolis-plaza-minatitlan,16893,325.0,True
139,cinepolis-plaza-minatitlan,224,54.0,True
139,cinepolis-plaza-minatitlan,234,40.0,True
139,cinepolis-plaza-minatitlan,28690,715.0,True
139,cinepolis-plaza-minatitlan,23035,265.0,True
139,cinepolis-plaza-minatitlan,17507,481.0,True
139,cinepolis-plaza-minatitlan,14511,194.0,True
139,cinepolis-plaza-minatitlan,23399,0.0,True
139,cinepolis-plaza-minatitlan,14301,370.0,True
139,cinepolis-plaza-minatitlan,15757,432.0,True
139,cinepolis-plaza-minatitlan,14160,24.0,True
298,cinepolis-plaza-crystal-tuxpan,18446,109.0,True
298,cinepolis-plaza-crystal-tuxpan,28356,374.0,True
298,cinepolis-plaza-crystal-tuxpan,14179,312.0,True
298,cinepolis-plaza-crystal-tuxpan,14089,102.0,True
298,cinepolis-plaza-crystal-tuxpan,14212,82.0,True
298,cinepolis-plaza-crystal-tuxpan,25160,585.0,True
298,cinepolis-plaza-crystal-tuxpan,28358,554.0,True
298,cinepolis-plaza-crystal-tuxpan,15972,55.0,True
298,cinepolis-plaza-crystal-tuxpan,13125,45.0,True
298,cinepolis-plaza-crystal-tuxpan,14244,297.0,True
298,cinepolis-plaza-crystal-tuxpan,16896,332.0,True
298,cinepolis-plaza-crystal-tuxpan,16496,0.0,True
298,cinepolis-plaza-crystal-tuxpan,14175,102.0,True
298,cinepolis-plaza-crystal-tuxpan,15670,92.0,True
298,cinepolis-plaza-crystal-tuxpan,14575,44.0,True
298,cinepolis-plaza-crystal-tuxpan,28729,360.0,True
298,cinepolis-plaza-crystal-tuxpan,15773,461.0,True
298,cinepolis-plaza-crystal-tuxpan,28504,49.0,True
298,cinepolis-plaza-crystal-tuxpan,15766,467.0,True
298,cinepolis-plaza-crystal-tuxpan,17509,276.0,True
298,cinepolis-plaza-crystal-tuxpan,22231,53.0,True
298,cinepolis-plaza-crystal-tuxpan,25484,77.0,True
298,cinepolis-plaza-crystal-tuxpan,18972,115.0,True
298,cinepolis-plaza-crystal-tuxpan,17685,479.0,True
298,cinepolis-plaza-crystal-tuxpan,28902,620.0,True
298,cinepolis-plaza-crystal-tuxpan,16468,548.0,True
298,cinepolis-plaza-crystal-tuxpan,17340,87.0,True
298,cinepolis-plaza-crystal-tuxpan,1783,67.0,True
298,cinepolis-plaza-crystal-tuxpan,19654,45.0,True
298,cinepolis-plaza-crystal-tuxpan,15767,497.0,True
298,cinepolis-plaza-crystal-tuxpan,25485,77.0,True
298,cinepolis-plaza-crystal-tuxpan,21042,97.0,True
298,cinepolis-plaza-crystal-tuxpan,14572,62.0,True
298,cinepolis-plaza-crystal-tuxpan,14394,270.0,True
298,cinepolis-plaza-crystal-tuxpan,202,56.0,True
298,cinepolis-plaza-crystal-tuxpan,27419,107.0,True
298,cinepolis-plaza-crystal-tuxpan,6241,54.0,True
298,cinepolis-plaza-crystal-tuxpan,16454,395.0,True
298,cinepolis-plaza-crystal-tuxpan,15746,293.0,True
298,cinepolis-plaza-crystal-tuxpan,17504,375.0,True
298,cinepolis-plaza-crystal-tuxpan,28682,289.0,True
298,cinepolis-plaza-crystal-tuxpan,13126,45.0,True
298,cinepolis-plaza-crystal-tuxpan,28823,355.0,True
298,cinepolis-plaza-crystal-tuxpan,28359,580.0,True
298,cinepolis-plaza-crystal-tuxpan,25159,559.0,True
298,cinepolis-plaza-crystal-tuxpan,25486,77.0,True
298,cinepolis-plaza-crystal-tuxpan,28918,230.0,True
298,cinepolis-plaza-crystal-tuxpan,17497,390.0,True
298,cinepolis-plaza-crystal-tuxpan,16893,342.0,True
298,cinepolis-plaza-crystal-tuxpan,224,58.0,True
298,cinepolis-plaza-crystal-tuxpan,234,45.0,True
298,cinepolis-plaza-crystal-tuxpan,28690,715.0,True
298,cinepolis-plaza-crystal-tuxpan,25237,29.0,True
298,cinepolis-plaza-crystal-tuxpan,23035,282.0,True
298,cinepolis-plaza-crystal-tuxpan,17507,505.0,True
298,cinepolis-plaza-crystal-tuxpan,14511,196.0,True
298,cinepolis-plaza-crystal-tuxpan,23399,0.0,True
298,cinepolis-plaza-crystal-tuxpan,14301,387.0,True
298,cinepolis-plaza-crystal-tuxpan,15757,457.0,True
298,cinepolis-plaza-crystal-tuxpan,14160,24.0,True
611,cinepolis-la-florida-acayucan,18446,86.0,True
611,cinepolis-la-florida-acayucan,28356,297.0,True
611,cinepolis-la-florida-acayucan,14179,252.0,True
611,cinepolis-la-florida-acayucan,14089,82.0,True
611,cinepolis-la-florida-acayucan,14212,62.0,True
611,cinepolis-la-florida-acayucan,25160,485.0,True
611,cinepolis-la-florida-acayucan,28358,454.0,True
611,cinepolis-la-florida-acayucan,15972,47.0,True
611,cinepolis-la-florida-acayucan,15973,85.0,True
611,cinepolis-la-florida-acayucan,14244,235.0,True
611,cinepolis-la-florida-acayucan,16896,0.0,True
611,cinepolis-la-florida-acayucan,27323,69.0,True
611,cinepolis-la-florida-acayucan,16496,0.0,True
611,cinepolis-la-florida-acayucan,14175,78.0,True
611,cinepolis-la-florida-acayucan,14575,41.0,True
611,cinepolis-la-florida-acayucan,28729,280.0,True
611,cinepolis-la-florida-acayucan,15773,355.0,True
611,cinepolis-la-florida-acayucan,15766,355.0,True
611,cinepolis-la-florida-acayucan,17509,224.0,True
611,cinepolis-la-florida-acayucan,25484,68.0,True
611,cinepolis-la-florida-acayucan,22231,48.0,True
611,cinepolis-la-florida-acayucan,18972,99.0,True
611,cinepolis-la-florida-acayucan,17685,389.0,True
611,cinepolis-la-florida-acayucan,16468,433.0,True
611,cinepolis-la-florida-acayucan,1783,58.0,True
611,cinepolis-la-florida-acayucan,25485,68.0,True
611,cinepolis-la-florida-acayucan,17818,222.0,True
611,cinepolis-la-florida-acayucan,21042,77.0,True
611,cinepolis-la-florida-acayucan,14572,62.0,True
611,cinepolis-la-florida-acayucan,27419,87.0,True
611,cinepolis-la-florida-acayucan,6241,34.0,True
611,cinepolis-la-florida-acayucan,16454,322.0,True
611,cinepolis-la-florida-acayucan,15746,233.0,True
611,cinepolis-la-florida-acayucan,17504,322.0,True
611,cinepolis-la-florida-acayucan,13126,40.0,True
611,cinepolis-la-florida-acayucan,28823,290.0,True
611,cinepolis-la-florida-acayucan,28359,480.0,True
611,cinepolis-la-florida-acayucan,25159,459.0,True
611,cinepolis-la-florida-acayucan,16893,275.0,True
611,cinepolis-la-florida-acayucan,234,35.0,True
611,cinepolis-la-florida-acayucan,23035,233.0,True
611,cinepolis-la-florida-acayucan,17507,415.0,True
611,cinepolis-la-florida-acayucan,14511,167.0,True
611,cinepolis-la-florida-acayucan,23399,0.0,True
611,cinepolis-la-florida-acayucan,14301,310.0,True
611,cinepolis-la-florida-acayucan,15757,352.0,True
611,cinepolis-la-florida-acayucan,14160,24.0,True
573,cinepolis-chedraui-martinez-de-la-torre,18446,86.0,True
573,cinepolis-chedraui-martinez-de-la-torre,28356,297.0,True
573,cinepolis-chedraui-martinez-de-la-torre,14179,252.0,True
573,cinepolis-chedraui-martinez-de-la-torre,14089,82.0,True
573,cinepolis-chedraui-martinez-de-la-torre,14212,62.0,True
573,cinepolis-chedraui-martinez-de-la-torre,25160,485.0,True
573,cinepolis-chedraui-martinez-de-la-torre,28358,454.0,True
573,cinepolis-chedraui-martinez-de-la-torre,25186,69.0,True
573,cinepolis-chedraui-martinez-de-la-torre,15972,47.0,True
573,cinepolis-chedraui-martinez-de-la-torre,15973,85.0,True
573,cinepolis-chedraui-martinez-de-la-torre,13125,40.0,True
573,cinepolis-chedraui-martinez-de-la-torre,14244,235.0,True
573,cinepolis-chedraui-martinez-de-la-torre,28888,450.0,True
573,cinepolis-chedraui-martinez-de-la-torre,27323,69.0,True
573,cinepolis-chedraui-martinez-de-la-torre,16496,0.0,True
573,cinepolis-chedraui-martinez-de-la-torre,14175,78.0,True
573,cinepolis-chedraui-martinez-de-la-torre,17500,318.0,True
573,cinepolis-chedraui-martinez-de-la-torre,14575,41.0,True
573,cinepolis-chedraui-martinez-de-la-torre,28729,280.0,True
573,cinepolis-chedraui-martinez-de-la-torre,15773,355.0,True
573,cinepolis-chedraui-martinez-de-la-torre,28504,45.0,True
573,cinepolis-chedraui-martinez-de-la-torre,15766,355.0,True
573,cinepolis-chedraui-martinez-de-la-torre,13122,73.0,True
573,cinepolis-chedraui-martinez-de-la-torre,17509,224.0,True
573,cinepolis-chedraui-martinez-de-la-torre,25484,68.0,True
573,cinepolis-chedraui-martinez-de-la-torre,22231,48.0,True
573,cinepolis-chedraui-martinez-de-la-torre,18972,99.0,True
573,cinepolis-chedraui-martinez-de-la-torre,17685,389.0,True
573,cinepolis-chedraui-martinez-de-la-torre,16468,433.0,True
573,cinepolis-chedraui-martinez-de-la-torre,1783,58.0,True
573,cinepolis-chedraui-martinez-de-la-torre,17818,222.0,True
573,cinepolis-chedraui-martinez-de-la-torre,21042,77.0,True
573,cinepolis-chedraui-martinez-de-la-torre,27419,87.0,True
573,cinepolis-chedraui-martinez-de-la-torre,16454,322.0,True
573,cinepolis-chedraui-martinez-de-la-torre,15746,233.0,True
573,cinepolis-chedraui-martinez-de-la-torre,17504,322.0,True
573,cinepolis-chedraui-martinez-de-la-torre,28886,355.0,True
573,cinepolis-chedraui-martinez-de-la-torre,28823,290.0,True
573,cinepolis-chedraui-martinez-de-la-torre,28359,480.0,True
573,cinepolis-chedraui-martinez-de-la-torre,25159,459.0,True
573,cinepolis-chedraui-martinez-de-la-torre,16893,275.0,True
573,cinepolis-chedraui-martinez-de-la-torre,23035,233.0,True
573,cinepolis-chedraui-martinez-de-la-torre,17507,415.0,True
573,cinepolis-chedraui-martinez-de-la-torre,14511,167.0,True
573,cinepolis-chedraui-martinez-de-la-torre,23399,0.0,True
573,cinepolis-chedraui-martinez-de-la-torre,14301,310.0,True
573,cinepolis-chedraui-martinez-de-la-torre,15757,352.0,True
573,cinepolis-chedraui-martinez-de-la-torre,14160,24.0,True
