movie_id,nombre,clasificacion,genero,duracion_min,sinopsis,categoria,vista_id,poster_url,banner_url,trailer_url,director,actores
la-negociacion,La Negociación,TBC,"SUSPENSO, CRIMEN",105 min,"En 1977. Tras ser estafado por un banco, Tony Kiritsis se presenta en sus oficinas y toma como rehén al hijo del presidente de la compañía, atándole al cuello un dispositivo mortal conectado al gatillo de una escopeta. Exige que le devuelvan su dinero, además de una disculpa pública que será retransmitida por televisión y vista por millones en prime time. Esta es la historia real de un crimen que conmocionó a toda una nación.",Cartelera,,https://tickets-static-content.cinepolis.com/pimcore/20537/assets/Mexico/Tickets/Movies/LaNegociacion/Es/P_ster_720x1022px_2/resource.jpg,https://tickets-static-content.cinepolis.com/pimcore/20537/assets/Mexico/Tickets/Movies/LaNegociacion/Es/Header_Movie_details_1440x900px_2/resource.jpg,https://tickets-static-content.cinepolis.com/pimcore/20537/assets/Mexico/Tickets/Movies/LaNegociacion/Es/6a57c7b29e43flanegociacion/resource.mp4,,[]
spider-man-un-nuevo-dia,Spider-Man: Un Nuevo Día,B,"AVENTURA, ACCIÓN",145 min,"Comienza un nuevo día para Peter Parker. Luchar contra el crimen a tiempo completo como Spider-Man en un mundo que no lo recuerda, sumado a la presión de ver a sus viejos amigos seguir adelante sin él, provoca un cambio en Peter que quizás no pueda controlar. Pero esa transformación podría ser lo único que detenga una nueva y aterradora amenaza para la ciudad y sus seres queridos: un poderoso villano que ni siquiera pueden ver. El mundo puede haber olvidado a Peter Parker, pero él no los ha olvidado a ellos.",Cartelera,HO00032435,https://tickets-static-content.cinepolis.com/pimcore/19229/assets/Mexico/Tickets/Movies/SpiderManUnNuevoDia/Es/SMBND_720x1022_2/resource.jpg,https://tickets-static-content.cinepolis.com/pimcore/19229/assets/Mexico/Tickets/Movies/SpiderManUnNuevoDia/Es/SMBND_1440x900_5/resource.jpg,https://tickets-static-content.cinepolis.com/pimcore/19229/assets/Mexico/Tickets/Movies/SpiderManUnNuevoDia/Es/6a19e4cd4cc01spidermanbrandnewday/resource.mp4,,[]
sexo-suenos-amor,"Sueños (Amor, Sexo)",B,"ROMANCE, DRAMA",111 min,"Johanne es una chica que se enamora perdidamente de su profesora de francés, experimentando su primer amor intenso. Deseando preservar sus sentimientos, la joven documenta sus emociones y experiencias por escrito. Cuando su madre y su abuela leen lo que ha escrito, al principio reaccionan con sorpresa ante su contenido íntimo, pero pronto quedan cautivadas por sus cualidades literarias. Mientras debaten sobre la moralidad y las posibles consecuencias de publicar los escritos de Johanne, ésta navega por el contraste entre los ideales románticos y la realidad, sumergiéndose en un viaje a través de las intensas emociones del autodescubrimiento, el amor y la sexualidad.",Cartelera,,https://tickets-static-content.cinepolis.com/pimcore/20534/assets/Mexico/Tickets/Movies/SexoSuenosAmor/Es/Suen_os_poster_720x1022_2/resource.jpg,https://tickets-static-content.cinepolis.com/pimcore/20534/assets/Mexico/Tickets/Movies/SexoSuenosAmor/Es/Header_Movie_details_1440x900_1__2/resource.jpg,https://tickets-static-content.cinepolis.com/pimcore/20534/assets/Mexico/Tickets/Movies/SexoSuenosAmor/Es/6a57c65b47654sexosuenosamor/resource.mp4,,[]
ateez-light-the-way-en-cines,ATEEZ: LIGHT THE WAY EN CINES,TBC,CONCIERTO,65 min,"Un día, llega un misterioso mensaje para ATEEZ, quienes habían estado pasando unos días tranquilos en su escondite. En ese momento, todo empezó a cambiar. ATINY desapareció… Como si estuviera bajo hechizo, ATEEZ vaga por un páramo onírico, hacia un mundo que se derrumba envuelto en llamas, y la Ciudad Oscura, envuelta en una densa niebla. Perseguido por una fuerza desconocida, ATEEZ empieza a defenderse para encontrar a ATINY. Vive una experiencia inmersiva intensa en la que cada segundo cuenta con INCEPTION, una explosión de libertad y energía en el éxito mundial BOUNCY (K-HOT CHILLI PEPPERS), y la máxima expresión del carisma refinado con Ice On My Teeth, ahora reimaginada para la gran pantalla. El concierto de realidad virtual de clase mundial que cautivó al público de todo el mundo ha sido totalmente adaptado para las salas de cine, llevando las electrizantes actuaciones de ATEEZ a la pantalla más grande de todas. Y, por primera vez, ve más allá del concierto con imágenes exclusivas detrás de cámaras nunca antes vistas, disponibles solo en este estreno en cines. Una historia que solo termina cuando estamos juntos. ATEEZ te invita ahora a otra dimensión. Nos vemos en la gran pantalla.",Cartelera,HO00032588,https://tickets-static-content.cinepolis.com/pimcore/20262/assets/Mexico/Tickets/Movies/ATEEZLIGHTTHEWAYENCINES/Es/Poster_WEB_Desktop_720x1022px_2/resource.jpg,https://tickets-static-content.cinepolis.com/pimcore/20262/assets/Mexico/Tickets/Movies/ATEEZLIGHTTHEWAYENCINES/Es/HeaderMovieDetails_WEB_Desktop_1440x900px_5/resource.jpg,https://tickets-static-content.cinepolis.com/pimcore/20262/assets/Mexico/Tickets/Movies/ATEEZLIGHTTHEWAYENCINES/Es/6a5e8c396da33ateez/resource.mp4,,[]
eraserhead,ERASERHEAD,TBC,TERROR,89 min,“Un sueño de cosas oscuras y perturbadoras.” David Lynch,Cartelera,HO00032668,https://tickets-static-content.cinepolis.com/pimcore/20895/assets/Mexico/Tickets/Movies/ERASERHEAD/Es/Poster_WEB_Desktop_720x1022px_4__2/resource.jpg,https://tickets-static-content.cinepolis.com/pimcore/20895/assets/Mexico/Tickets/Movies/ERASERHEAD/Es/HeaderMovieDetails_WEB_Desktop_1440x900px_4__2/resource.jpg,,,[]
el-dia-d-bajo-presion,El Día D Bajo Presión,TBC,"DRAMA, THRILLER",100 min,"Aunque los meteorólogos alemanes esperaban mal clima, los Aliados aprovecharon un inesperado período de cielo despejado para el Desembarco de Normandía.",Cartelera,,https://tickets-static-content.cinepolis.com/pimcore/19268/assets/Mexico/Tickets/Movies/ElDiaDBajoPresion/Es/9_P_ster_720x1022px_2__2/resource.jpg,https://tickets-static-content.cinepolis.com/pimcore/19268/assets/Mexico/Tickets/Movies/ElDiaDBajoPresion/Es/4_Header_movie_details_1440x900px_3__2/resource.jpg,https://tickets-static-content.cinepolis.com/pimcore/19268/assets/Mexico/Tickets/Movies/ElDiaDBajoPresion/Es/6a1f21891a39cdiadbajopresion/resource.mp4,,[]
insaciable,Insaciable,TBC,"HORROR, BODY HORROR",113 min,"Hana, una estudiante de medicina, es aterrorizada por un fantasma hambriento después de participar en una oscura moda para bajar de peso: comer cenizas humanas.​",Cartelera,,https://tickets-static-content.cinepolis.com/pimcore/20319/assets/Mexico/Tickets/Movies/Insaciable/Es/poster_720x1022_s_2_2/resource.jpg,https://tickets-static-content.cinepolis.com/pimcore/20319/assets/Mexico/Tickets/Movies/Insaciable/Es/header_movie_details_1440x900_s_2/resource.jpg,https://tickets-static-content.cinepolis.com/pimcore/20319/assets/Mexico/Tickets/Movies/Insaciable/Es/6a4d6b659dc1ainsaciable/resource.mp4,,[]
la-muerte-de-robin-hood,La Muerte De Robin Hood,TBC,"DRAMA, SUSPENSO",122 min,"Robin Hood (Hugh Jackman) intenta lidiar con sus demonios tras una larga vida de crímenes y asesinatos. Cuando resulta herido de gravedad en una sangrienta batalla, es enviado a un misterioso lugar para curar sus heridas. Allí conocerá a una mujer que le ofrecerá una última oportunidad de redención.",Cartelera,,https://tickets-static-content.cinepolis.com/pimcore/20538/assets/Mexico/Tickets/Movies/LaMuerteDeRobinHood/Es/720x1022_21/resource.jpg,https://tickets-static-content.cinepolis.com/pimcore/20538/assets/Mexico/Tickets/Movies/LaMuerteDeRobinHood/Es/Header_movie_details_1440x900__2/resource.jpg,https://tickets-static-content.cinepolis.com/pimcore/20538/assets/Mexico/Tickets/Movies/LaMuerteDeRobinHood/Es/6a57c86a70419lamuerterobinhood/resource.mp4,,[]
la-odisea,La Odisea,B,"ACCIÓN, ÉPICA",172 min,"El legendario Odiseo enfrenta peligros épicos en su viaje de regreso a casa tras la Guerra de Troya. Se topa con criaturas míticas y dioses caprichosos, superando obstáculos increíbles antes de reunirse con su amada Penélope.",Cartelera,HO00032360,https://tickets-static-content.cinepolis.com/pimcore/18924/assets/Mexico/Tickets/Movies/LaOdisea/Es/9_P_ster_720x1022px__2/resource.jpg,https://tickets-static-content.cinepolis.com/pimcore/18924/assets/Mexico/Tickets/Movies/LaOdisea/Es/5_Header_movie_details_1440x900px__2/resource.jpg,https://tickets-static-content.cinepolis.com/pimcore/18924/assets/Mexico/Tickets/Movies/LaOdisea/Es/6a0df392ebc25laodisea/resource.mp4,,[]
toy-story-5,Toy Story 5,AA,"ANIMACIÓN, AVENTURA, FAMILIAR",102 min,"Los juguetes están de regreso y esta vez, el propósito de jugar de Buzz Lightyear, Woody, Jessie y el resto del grupo se ve amenazado cuando se enfrentan a Lilypad, una nueva tableta que llega con sus propias ideas disruptivas sobre lo que es mejor para su niña, Bonnie. ¿Volverá el juego a ser como antes?",Cartelera,HO00032206,https://tickets-static-content.cinepolis.com/pimcore/18877/assets/Mexico/Tickets/Movies/ToyStory5/Es/19_Poster_720x1022px__5/resource.jpg,https://tickets-static-content.cinepolis.com/pimcore/18877/assets/Mexico/Tickets/Movies/ToyStory5/Es/14_Header_Movie_details_1440x900px__2/resource.jpg,https://tickets-static-content.cinepolis.com/pimcore/18877/assets/Mexico/Tickets/Movies/ToyStory5/Es/6a0cc6a4610caTOYSTORY5_W8_1366x770/resource.mp4,,[]
minions-y-monstruos,Minions & Monstruos,A,"COMEDIA, ANIMACIÓN",90 min,"Se trata de un relato disparatado, absurdo y sorprendentemente “verídico” sobre la forma en que los Minions irrumpieron en Hollywood, alcanzaron la fama como supercelebridades, lo arruinaron todo a su paso, liberaron criaturas monstruosas por todo el planeta y, finalmente, tuvieron que aliarse para intentar arreglar el desastre monumental que ellos mismos provocaron.",Cartelera,HO00032389,https://tickets-static-content.cinepolis.com/pimcore/19133/assets/Mexico/Tickets/Movies/MiniosYMonstruos/Es/9_P_ster_720x1022px__2/resource.jpg,https://tickets-static-content.cinepolis.com/pimcore/19133/assets/Mexico/Tickets/Movies/MiniosYMonstruos/Es/4_Header_movie_details_1440x900px__2/resource.jpg,https://tickets-static-content.cinepolis.com/pimcore/19133/assets/Mexico/Tickets/Movies/MiniosYMonstruos/Es/6a161aab819dfminions/resource.mp4,,[]
moana-live-action,Moana ,A,"MUSICAL, AVENTURA, FANTASÍA, ACCIÓN, FAMILIAR",116 min,"En la adaptación en acción real de Disney de la querida aventura animada nominada al Óscar®, Moana (Catherine Lagaʻaia) responde a la llamada del océano y, por primera vez, viaja más allá del arrecife de su isla de Motunui con el infame semidiós Maui (Dwayne Johnson) en un viaje inolvidable para devolver la prosperidad a su pueblo.",Cartelera,HO00032507,https://tickets-static-content.cinepolis.com/pimcore/19403/assets/Mexico/Tickets/Movies/MoanaLiveAction/Es/720x1022_24/resource.jpg,https://tickets-static-content.cinepolis.com/pimcore/19403/assets/Mexico/Tickets/Movies/MoanaLiveAction/Es/1440x900_57/resource.jpg,https://tickets-static-content.cinepolis.com/pimcore/19403/assets/Mexico/Tickets/Movies/MoanaLiveAction/Es/6a232a218be25MOANA2026_W8_1366x770_1/resource.mp4,,[]
hasta-el-fin-del-mundo,Hasta El Fin Del Mundo ,B15,DRAMA,98 min,"La película sigue a Manuel (Ochmann), un hombre con una vida aparentemente resuelta, cuyo destino cambia tras una llamada inesperada que lo lleva a reencontrarse con Esmeralda (Derbez), la mujer que marcó su vida años atrás. Lo que comienza como un viaje al pasado se transforma en una confrontación con las decisiones, los sueños y los amores que definen quiénes somos realmente.",Cartelera,HO00032576,https://tickets-static-content.cinepolis.com/pimcore/19982/assets/Mexico/Tickets/Movies/HastaElFinDelMundo/Es/9_Poster_720x1022px__2/resource.jpg,https://tickets-static-content.cinepolis.com/pimcore/19982/assets/Mexico/Tickets/Movies/HastaElFinDelMundo/Es/1440x900_55/resource.jpg,https://tickets-static-content.cinepolis.com/pimcore/19982/assets/Mexico/Tickets/Movies/HastaElFinDelMundo/Es/6a3d46e8768d7hastafinmundo/resource.mp4,,[]
la-invitacion,La Invitación,B15,COMEDIA,107 min,"Joe y Angela están en la cuerda floja, y esta noche podría ser el momento en que todo se desmorone definitivamente. Por desgracia, sus vecinos de arriba están a punto de llegar para cenar, y todo lo que puede salir mal está destinado a terminar mucho peor.",Cartelera,HO00032341,https://tickets-static-content.cinepolis.com/pimcore/19230/assets/Mexico/Tickets/Movies/LaInvitacion/Es/sello_720x1022_2/resource.jpg,https://tickets-static-content.cinepolis.com/pimcore/19230/assets/Mexico/Tickets/Movies/LaInvitacion/Es/LI_DESKTOP_Header_flujo_de_compra_1440x900px_2/resource.jpg,https://tickets-static-content.cinepolis.com/pimcore/19230/assets/Mexico/Tickets/Movies/LaInvitacion/Es/6a19e49b7727dinvitacion/resource.mp4,,[]
menu-tematico-spider-man-un-nuevo-dia,Menú Temático Spider-Man: Un Nuevo Día,TBC,"AVENTURA, ACCIÓN",150 min,"Prepárate para vivir una experiencia inspirada en el universo de Spiderman en Cinépolis VIP, acompañada de un menú temático diseñado para todos los fanáticos del héroe arácnido. Esta experiencia incluye tu entrada para ver la película en Cinépolis VIP y un menú especial: Fuego Arácnido: palomitas sabor Takis Fuego que desatan una explosión de sabor tan intensa como los desafíos de esta nueva aventura. Pizza de Peter: deliciosa pizza individual de pepperoni, inspirada en una de las comidas favoritas del joven héroe neoyorquino. Pretzel de la Gran Manzana: suave pretzel cubierto de azúcar y canela, relleno de queso crema, como homenaje a las icónicas calles de Nueva York pero con un sabor único que te encantará. Picadura Radiactiva: refrescante bebida sabor pitahaya inspirada en el momento que cambió para siempre el destino de Peter. Recarga de telaraña: bebida refrescante sabor moras-limón con bobas que te transportará a una aventura extraordinaria. ¡Además incluye un vaso coleccionable de la película! Ten en cuenta que esta experiencia es única, por lo que no se permiten cambios en alimentos o bebidas y no hay reembolsos una vez realizada la compra. Ninguna bebida incluye alcohol.",Cartelera,HO00032574,https://tickets-static-content.cinepolis.com/pimcore/20190/assets/Mexico/Tickets/Movies/MenuTematicoSpiderManUnNuevoDia/Es/Poster_WEB_Desktop_720x1022px_Spiderman_copia_2/resource.jpg,https://tickets-static-content.cinepolis.com/pimcore/20190/assets/Mexico/Tickets/Movies/MenuTematicoSpiderManUnNuevoDia/Es/HeaderMovieDetails_WEB_Desktop_1440x900px_Spiderman_copia_2/resource.jpg,https://tickets-static-content.cinepolis.com/pimcore/20190/assets/Mexico/Tickets/Movies/MenuTematicoSpiderManUnNuevoDia/Es/6a4589a1e284aspidermanbrandnewday/resource.mp4,,[]
impacto-mortal,Impacto Mortal,B,SUSPENSO,107 min,"Un vuelo de Los Ángeles a Shanghái sufre una falla catastrófica y termina en un aterrizaje forzoso en medio del océano. Los sobrevivientes quedan atrapados entre los restos del avión, mientras una manada de tiburones, atraída por el caos, comienza a rodearlos. Con el tiempo en contra y el fuselaje hundiéndose, deberán enfrentarse a sus peores miedos y tomar una decisión imposible: arriesgarlo todo en el mar… o morir dentro del avión.",Cartelera,HO00032598,https://tickets-static-content.cinepolis.com/pimcore/19935/assets/Mexico/Tickets/Movies/ImpactoMortal/Es/Poster_720x1022_DW_2/resource.jpg,https://tickets-static-content.cinepolis.com/pimcore/19935/assets/Mexico/Tickets/Movies/ImpactoMortal/Es/Header_Movie_Details_1440x900_DW_2/resource.jpg,https://tickets-static-content.cinepolis.com/pimcore/19935/assets/Mexico/Tickets/Movies/ImpactoMortal/Es/6a3af82a14495impactomortal/resource.mp4,,[]
evil-dead-en-llamas,Evil Dead: En Llamas,C,TERROR,110 min,"Evil Dead: En Llamas desata el viaje más salvaje y aterrador de la franquicia hasta la fecha, irrumpiendo en la gran pantalla con un capítulo totalmente nuevo de carnicería y caos demoníaco. Tras la pérdida de su marido, una mujer busca consuelo con sus suegros en su aislada casa familiar. A medida que, uno a uno, se van transformando en Deadites —convirtiendo el encuentro en una reunión familiar del infierno—, ella descubre que los votos que hizo en vida... perduran incluso en la muerte.",Cartelera,HO00032579,https://tickets-static-content.cinepolis.com/pimcore/19297/assets/Mexico/Tickets/Movies/EvilDeadEnLlamas/Es/EVILDEAD_720x1022_2/resource.jpg,https://tickets-static-content.cinepolis.com/pimcore/19297/assets/Mexico/Tickets/Movies/EvilDeadEnLlamas/Es/EVILDEAD_1440x900_2/resource.jpg,https://tickets-static-content.cinepolis.com/pimcore/19297/assets/Mexico/Tickets/Movies/EvilDeadEnLlamas/Es/6a205679ed534l1_evildeadburn_itrb_sever_red_premium_w8_lasmx_sub_h264_770p_1/resource.mp4,,[]
backrooms-sin-salida-version-extendida,Backrooms: Sin Salida Versión Extendida,B15,TERROR,127 min,"Una extraña puerta aparece en el sótano de una tienda de muebles. Cuando el paciente de una terapeuta desaparece en una dimensión más allá de la realidad, ella deberá adentrarse en lo desconocido para intentar salvarlo. Adaptación de un cortometraje del propio Kane Parsons.",Cartelera,HO00032641,https://tickets-static-content.cinepolis.com/pimcore/20519/assets/Mexico/Tickets/Movies/BackroomsSinSalidaVersionExtendida/Es/720x1022_21/resource.jpg,https://tickets-static-content.cinepolis.com/pimcore/20519/assets/Mexico/Tickets/Movies/BackroomsSinSalidaVersionExtendida/Es/Header_movie_details_1440x900__2/resource.jpg,https://tickets-static-content.cinepolis.com/pimcore/20519/assets/Mexico/Tickets/Movies/BackroomsSinSalidaVersionExtendida/Es/6a5661ab454d2backrooms/resource.mp4,,[]
obsesion,Obsesión,C,"THRILLER, HORROR",109 min,El anhelo romántico desesperado de un hombre por su amor platónico desencadena un hechizo siniestro en el perturbador debut de Curry Barker.,Cartelera,HO00031903,https://tickets-static-content.cinepolis.com/pimcore/17688/assets/Mexico/Tickets/Movies/Obesion/Es/20_POSTER_720X1022_2/resource.jpg,https://tickets-static-content.cinepolis.com/pimcore/17688/assets/Mexico/Tickets/Movies/Obesion/Es/4_HEADER_MOVIE_DETAILS_1440X900_9/resource.jpg,https://tickets-static-content.cinepolis.com/pimcore/17688/assets/Mexico/Tickets/Movies/Obesion/Es/69dec5c3e11c6obsesion_3/resource.mp4,,[]
paw-patrol-la-dino-pelicula,PAW Patrol: La Dino Película,AA,"ANIMACIÓN, FAMILIAR",89 min,"Después de que su barco queda atrapado en una tormenta misteriosa, los cachorros de PAW Patrol se estrellan en una isla tropical desconocida llena de dinosaurios. Allí conocen a Rex, un cachorro que ha estado varado en la isla por años y que se ha convertido en un experto en todo lo relacionado con dinos. Cuando su archirrival, el Alcalde Humdinger, comienza a minar la isla de manera imprudente para explotar sus recursos naturales, provoca accidentalmente la erupción de un enorme volcán dormido. Los cachorros deberán enfrentarse a rescates gigantescos, más grandes que cualquier cosa que hayan enfrentado antes, para detener a Humdinger antes de que todo en la isla se extinga.",Cartelera,HO00032496,https://tickets-static-content.cinepolis.com/pimcore/19797/assets/Mexico/Tickets/Movies/PAWPatrolLaDinoPelicula/Es/PP3_Desktop_Poster_720x1022_2/resource.jpg,https://tickets-static-content.cinepolis.com/pimcore/19797/assets/Mexico/Tickets/Movies/PAWPatrolLaDinoPelicula/Es/1440x900_55/resource.jpg,https://tickets-static-content.cinepolis.com/pimcore/19797/assets/Mexico/Tickets/Movies/PAWPatrolLaDinoPelicula/Es/6a343cd3ed50fpaw_patrol/resource.mp4,,[]
el-dia-de-la-revelacion,El Día De La Revelación,B,CIENCIA FICCIÓN,145 min,"La historia sigue a varias personas que comienzan a experimentar fenómenos extraños cuando señales aparentemente inexplicables revelan la presencia de vida extraterrestre en la Tierra. A medida que estos eventos se vuelven globales, surge una verdad impactante que podría cambiar el destino de la humanidad: no estamos solos. Entre conspiraciones, secretos gubernamentales y conexiones personales con los alienígenas, el mundo entero se enfrenta al llamado “día de la revelación”, donde la verdad finalmente sale a la luz.",Cartelera,HO00032254,https://tickets-static-content.cinepolis.com/pimcore/18348/assets/Mexico/Tickets/Movies/ElDiaDeLaRevelacion/Es/20_Po_ster_720x1022px_1__11/resource.jpg,https://tickets-static-content.cinepolis.com/pimcore/18348/assets/Mexico/Tickets/Movies/ElDiaDeLaRevelacion/Es/15_Header_Movie_details_1440x900px_1__11/resource.jpg,https://tickets-static-content.cinepolis.com/pimcore/18348/assets/Mexico/Tickets/Movies/ElDiaDeLaRevelacion/Es/69fb5eed7a9eediarevelacion_2/resource.mp4,,[]
supergirl,Supergirl,B,"AVENTURA, ACCIÓN",108 min,"Cuando un enemigo inesperado y despiadado golpea demasiado cerca, Kara Zor-El, también conocida como Supergirl, se ve obligada a unir fuerzas con un acompañante improbable en un épico viaje interestelar de venganza y justicia.",Cartelera,HO00032298,https://tickets-static-content.cinepolis.com/pimcore/18011/assets/Mexico/Tickets/Movies/Supergirl/Es/P_720X1022_8/resource.jpg,https://tickets-static-content.cinepolis.com/pimcore/18011/assets/Mexico/Tickets/Movies/Supergirl/Es/HMD_1440X900_8/resource.jpg,https://tickets-static-content.cinepolis.com/pimcore/18011/assets/Mexico/Tickets/Movies/Supergirl/Es/69e7f1dca76f3supergirl_1/resource.mp4,,[]
scary-movie,Scary Movie: Terroríficamente Incorrecta,C,"COMEDIA, HORROR, SLASHER",96 min,"Marlon Wayans (“Shorty”), Shawn Wayans (“Ray”), Anna Faris (“Cindy”) y Regina Hall (“Brenda”) se reúnen en Scary Movie, acompañados de favoritos del público y nuevas caras, para destripar reboots, remakes, “requels”, precuelas, secuelas, spin-offs, horror elevado, historias de origen, todo lo que incluya la palabra “legado” y cada “capítulo final” que definitivamente no es final. Nada es sagrado. Ningún cliché sobrevive. Cada línea será cruzada. Los Wayans regresan para cancelar a la Cultura de la Cancelación.",Cartelera,,https://tickets-static-content.cinepolis.com/pimcore/17742/assets/Mexico/Tickets/Movies/ScaryMovie/Es/720x1022_23/resource.jpg,https://tickets-static-content.cinepolis.com/pimcore/17742/assets/Mexico/Tickets/Movies/ScaryMovie/Es/1440x900_57/resource.jpg,https://tickets-static-content.cinepolis.com/pimcore/17742/assets/Mexico/Tickets/Movies/ScaryMovie/Es/69dfed342349ascarymovie6_3/resource.mp4,,[]
resurrection,Resurrection ,B15,DRAMA,159 min,"En un mundo donde los humanos ya no saben como soñar, un hombre diferente a cualquier otro pierde su equilibrio y ya no puede distinguir entre ilusión y realidad. Sólo una mujer puede ver a través de él. Ella entrará a su sueño en busca de la verdad.",Cartelera,,https://tickets-static-content.cinepolis.com/pimcore/19942/assets/Mexico/Tickets/Movies/Resurrection/Es/RESURRECCION_Poster_720x1022px_2/resource.jpg,https://tickets-static-content.cinepolis.com/pimcore/19942/assets/Mexico/Tickets/Movies/Resurrection/Es/RESURRECCION_Header_movie_details_1440x900px_2/resource.jpg,https://tickets-static-content.cinepolis.com/pimcore/19942/assets/Mexico/Tickets/Movies/Resurrection/Es/6a3b0ca34f8efresurreccion/resource.mp4,,[]
shifting-baselines-horizontes-perdidos,Shifting Baselines: Horizontes Perdidos,B,DOCUMENTAL,101 min,"A la sombra del cohete más grande jamás construido, un territorio desaparece. En Boca Chica, Texas, donde el Río Grande se encuentra con el Golfo de México, la llegada de SpaceX transforma para siempre un paisaje de playas, humedales y comunidades arraigadas a la tierra. Mientras un territorio salvaje, hogar de innumerables especies animales, se desvanece y olvida lentamente; la frontera entre naturaleza y progreso se vuelve cada vez más frágil. Entre la fascinación por el futuro y la nostalgia por lo que se pierde, Shifting Baselines retrata una frontera donde los sueños de alcanzar las estrellas chocan con la realidad de quienes permanecen en el suelo.",Cartelera,,https://tickets-static-content.cinepolis.com/pimcore/20155/assets/Mexico/Tickets/Movies/ShiftingBaselinesHorizontesPerdidos/Es/Shifting_Baselines_720_2/resource.jpg,https://tickets-static-content.cinepolis.com/pimcore/20155/assets/Mexico/Tickets/Movies/ShiftingBaselinesHorizontesPerdidos/Es/Shifting_Baselines_1440_2/resource.jpg,https://tickets-static-content.cinepolis.com/pimcore/20155/assets/Mexico/Tickets/Movies/ShiftingBaselinesHorizontesPerdidos/Es/6a4416f929914SHIFTINGBASELINES_W8_1366x770/resource.mp4,,[]
los-demonios-del-amanecer,Los Demonios Del Amanecer,C,DRAMA,136 min,"Orlando y Marco, dos jóvenes que habitan la Ciudad de México, se conocen por casualidad y caen enamorados. Día con día luchan por conseguir sus sueños: Orlando ser bailarín y Marco graduarse de enfermería. Ante un mundo diverso, cambiante y hostil, ellos aprenderán que al final del día, al terminar la oscuridad de la noche, con sus cuerpos unidos y el alma en sincronía, habrán visto pasar de largo a todos esos demonios del amanecer.",Cartelera,,https://tickets-static-content.cinepolis.com/pimcore/20561/assets/Mexico/Tickets/Movies/LosDemoniosDelAmanecer/Es/20_Poster_720x1022px__2/resource.jpg,https://tickets-static-content.cinepolis.com/pimcore/20561/assets/Mexico/Tickets/Movies/LosDemoniosDelAmanecer/Es/1440x900_55/resource.jpg,https://tickets-static-content.cinepolis.com/pimcore/20561/assets/Mexico/Tickets/Movies/LosDemoniosDelAmanecer/Es/6a57ccc03f577losdemoniosamanecer/resource.mp4,,[]
sia-nostalgic-for-the-present-en-cines,SIA: Nostalgic For The Present En Cines,TBC,CONCIERTO,75 min,"Sia: Nostalgic for the Present es una experiencia audaz que desafía los géneros y cambia el espectáculo pop por el arte en estado puro. Voces impresionantes, coreografías espectaculares y actuaciones icónicas, captadas concalidad cinematográfica. Todo acompañado por un repertorio inigualable de éxitos. En 2016, Sia recorrió el mundo representando esta película en directo sobre el escenario, fotograma a fotograma. Remasterizada con motivo de su décimo aniversario, se presenta por primera vez como una obra independiente - no como una película de concierto, sino como una obra maestra visual sin parangón en la historia de la música. Con la participación de Maddie Ziegler, Kristen Wiig, Paul Dano, Ben Mendelsohn, Gaby Hoffmann y Tig Notaro. Coreografía de Ryan Heffington. Dirección de Sia y Daniel Askill.",Cartelera,,https://tickets-static-content.cinepolis.com/pimcore/19713/assets/Mexico/Tickets/Movies/SIANostalgicForThePresentEnCines/Es/720x1022_2/resource.jpeg,https://tickets-static-content.cinepolis.com/pimcore/19713/assets/Mexico/Tickets/Movies/SIANostalgicForThePresentEnCines/Es/1440x900_55/resource.jpg,https://tickets-static-content.cinepolis.com/pimcore/19713/assets/Mexico/Tickets/Movies/SIANostalgicForThePresentEnCines/Es/6a5e8badb849bsia/resource.mp4,,[]
nimrods-una-comedia-de-green-day,Nimrods: Una Comedia De Green Day,TBC,COMEDIA,116 min,"Cuando Tommy recibe una llamada en la que invitan a su banda a ser teloneros de Green Day en Nochevieja, no se da cuenta de que se trata de una elaborada broma de su hermano mayor, Wayne. Desesperado por creer que su vida está a punto de cambiar, Tommy roba el coche de Wayne y empieza a conducir con su banda desde Kansas City hasta Los Ángeles, decidido a llegar en tres días. Lo que sigue es un viaje por carretera desenfrenado y divertidísimo por Estados Unidos, inspirado en los primeros años de gira de Green Day en una furgoneta, mucho antes del lanzamiento de Dookie, el álbum que los catapultó a la fama.",Cartelera,HO00032603,https://tickets-static-content.cinepolis.com/pimcore/20482/assets/Mexico/Tickets/Movies/NimrodsAGreenDayComedy/Es/Poster_WEB_Desktop_720x1022px_1__2/resource.jpg,https://tickets-static-content.cinepolis.com/pimcore/20482/assets/Mexico/Tickets/Movies/NimrodsAGreenDayComedy/Es/HeaderMovieDetails_WEB_Desktop_1440x900px_1__2/resource.jpg,https://tickets-static-content.cinepolis.com/pimcore/20482/assets/Mexico/Tickets/Movies/NimrodsAGreenDayComedy/Es/6a5e8bf654dc0nimrods/resource.mp4,,[]
katseye-wild-hearts-en-cines,Katseye: Wild Hearts En Cines,TBC,"DOCUMENTAL, CONCIERTO",80 min,"El grupo femenino internacional KATSEYE, dos veces nominado a los premios GRAMMY®, llega a los cines de todo el mundo con un estreno especial en salas antes del lanzamiento de su tercer EP, WILD. KATSEYE: WILD HEARTS es un viaje fascinante a la nueva y audaz etapa del grupo que rinde homenaje a los fans que la hicieron posible. Con material inédito, videos de fans de EYEKONS y entrevistas íntimas con los miembros del grupo, la película explora el fuerte vínculo que une a KATSEYE con su comunidad de fans de todo el mundo. KATSEYE: WILD HEARTS, una carta de amor a los EYEKONS que ayudaron a crear este movimiento, nos muestra por qué la historia de este grupo apenas está comenzando. Desde la intensa presión de Dream Academy hasta el éxito viral que las llevó a lo más alto de las listas, el público vivirá los momentos de gloria, los reveses, los sacrificios y los momentos decisivos que transformaron a KATSEYE en su camino hacia el estrellato pop mundial. Elogiado por medios como The New York Times, Vogue, Rolling Stone y Billboard, KATSEYE se ha ganado el reconocimiento por su incansable dedicación a su arte y sus electrizantes actuaciones en vivo. Como uno de los grupos emergentes más prometedores del pop a nivel mundial, el grupo sigue consolidando su posición como una fuerza global. Del mismo equipo que creó POP STAR ACADEMY de Netflix, KATSEYE: WILD HEARTS es una producción de Interscope Films y Boardwalk Pictures, en colaboración con HYBE X GEFFEN, y está dirigida por Nadia Hallgren.",Cartelera,HO00032616,https://tickets-static-content.cinepolis.com/pimcore/20475/assets/Mexico/Tickets/Movies/KatseyeWildHearts/Es/Poster_WEB_Desktop_720x1022px_1__2/resource.jpg,https://tickets-static-content.cinepolis.com/pimcore/20475/assets/Mexico/Tickets/Movies/KatseyeWildHearts/Es/HeaderMovieDetails_WEB_Desktop_1440x900px_1__2/resource.jpg,https://tickets-static-content.cinepolis.com/pimcore/20475/assets/Mexico/Tickets/Movies/KatseyeWildHearts/Es/6a5e8bcdd4f40katseye/resource.mp4,,[]
lmd-solo-la-mas-2,LMD SOLO LAS MÁS 2,TBC,MEXICANA,150 min,"Transmisión en vivo de La Gran final de Solo Las Más 2. Después de una serie de desafíos donde las feminosas demostraron ser Las Más, llegamos al último capítulo donde se disputarán las finalistas el título de “La Máxima” totalmente en vivo conoceremos a la nueva reina de esta épica competencia.",Cartelera,HO00032670,https://tickets-static-content.cinepolis.com/pimcore/20832/assets/Mexico/Tickets/Movies/LMDSOLOLAMAS2/Es/Poster_WEB_Desktop_720x1022px_2__2/resource.jpg,https://tickets-static-content.cinepolis.com/pimcore/20832/assets/Mexico/Tickets/Movies/LMDSOLOLAMAS2/Es/HeaderMovieDetails_WEB_Desktop_1440x900px_2__2/resource.jpg,,,[]
backrooms-sin-salida,Backrooms: Sin Salida,B15,TERROR,111 min,"Una extraña puerta aparece en el sótano de una tienda de muebles. Cuando el paciente de una terapeuta desaparece en una dimensión más allá de la realidad, ella deberá adentrarse en lo desconocido para intentar salvarlo. Adaptación de un cortometraje del propio Kane Parsons.",Cartelera,,https://tickets-static-content.cinepolis.com/pimcore/18223/assets/Mexico/Tickets/Movies/BackroomsSinSalida/Es/Po_ster_720x1022__11/resource.jpg,https://tickets-static-content.cinepolis.com/pimcore/18223/assets/Mexico/Tickets/Movies/BackroomsSinSalida/Es/Header_movie_details_1440x900__8/resource.jpg,https://tickets-static-content.cinepolis.com/pimcore/18223/assets/Mexico/Tickets/Movies/BackroomsSinSalida/Es/69f240ad78585backrooms_3/resource.mp4,,[]
amos-del-universo,Amos Del Universo,B,"AVENTURA, ACCIÓN, CIENCIA FICCIÓN",141 min,"En MASTERS OF THE UNIVERSE, el director Travis Knight trae de vuelta a la gran pantalla la legendaria franquicia en esta épica aventura de acción real. Tras quince años de separación, la Espada del Poder guía al Príncipe Adam (Nicholas Galitzine) de regreso a Eternia, donde descubre su hogar devastado bajo el malvado dominio de Skeletor (Jared Leto). Para salvar a su familia y su mundo, Adam debe unir fuerzas con sus aliados más cercanos, Teela (Camila Mendes) y Duncan/Man-At-Arms (Idris Elba), y aceptar su verdadero destino como He-Man, el hombre más poderoso del universo.",Cartelera,,https://tickets-static-content.cinepolis.com/pimcore/18600/assets/Mexico/Tickets/Movies/AmosDelUniverso/Es/MOTU_720x1022_2/resource.jpg,https://tickets-static-content.cinepolis.com/pimcore/18600/assets/Mexico/Tickets/Movies/AmosDelUniverso/Es/MOTU_1440x900_2/resource.jpg,https://tickets-static-content.cinepolis.com/pimcore/18600/assets/Mexico/Tickets/Movies/AmosDelUniverso/Es/6a03bca770090heman/resource.mp4,,[]
el-sonido-al-caer,El Sonido Al Caer,B15,DRAMA,155 min,"Cuatro chicas pasan su juventud en la misma granja en el norte de Alemania. A medida que el hogar evoluciona a lo largo de un siglo, los ecos del pasado perduran en sus paredes. Aunque separadas por el tiempo, sus vidas comienzan a reflejarse entre sí.",Cartelera,,https://tickets-static-content.cinepolis.com/pimcore/19947/assets/Mexico/Tickets/Movies/ElSonidoAlCaer/Es/P_ster_720x1022px_2/resource.jpg,https://tickets-static-content.cinepolis.com/pimcore/19947/assets/Mexico/Tickets/Movies/ElSonidoAlCaer/Es/Header_Movie_details_1440x900px_2/resource.jpg,https://tickets-static-content.cinepolis.com/pimcore/19947/assets/Mexico/Tickets/Movies/ElSonidoAlCaer/Es/6a3bd556f16fesonidolacaida/resource.mp4,,[]
en-el-camino,En El Camino,C,DRAMA,93 min,"“Veneno” es un joven que frecuenta restaurantes perdidos de carretera, en donde se acuesta con traileros. Ahí conoce a “Muñeco”, un solitario conductor con problemas de alcoholismo y drogadicción. Al viajar juntos e intimar en el camino, empiezan a vender drogas y así inicia un improbable romance. Todo cambia cuando unas personas del pasado de Veneno reaparecen y esto los pone en peligro.",Cartelera,,https://tickets-static-content.cinepolis.com/pimcore/18930/assets/Mexico/Tickets/Movies/EnElCamino/Es/EEC_DESKTOP_P_ster_720x1022px_2/resource.jpg,https://tickets-static-content.cinepolis.com/pimcore/18930/assets/Mexico/Tickets/Movies/EnElCamino/Es/EEC_DESKTOP_Header_flujo_de_compra_1440x900px_2/resource.jpg,https://tickets-static-content.cinepolis.com/pimcore/18930/assets/Mexico/Tickets/Movies/EnElCamino/Es/6a0dff3aa49d8EEC_W8_1366x770/resource.mp4,,[]
ghost-2-big-to-ring-en-cines,GHOST: 2 Big To Rig En Cines,TBC,CONCIERTO,115 min,"Grabado en vivo durante los dos conciertos con entradas agotadas que GHOST dio en la Ciudad de México el año pasado, 2 BIG TO RIG es el documento definitivo de la inolvidable GIRA MUNDIAL SKELETOUR, que se presentará en IMAX® en ciertas ubicaciones. Con las únicas tomas profesionales de Papa V Perpetua y su banda de Nameless Ghouls del SKELETOUR —sin celulares—, 2 BIG TO RIG te sumerge en el ritual en vivo de GHOST, con imágenes exclusivas detrás de cámaras y acceso al backstage. 2 BIG TO RIG nació para compartir la experiencia del SKELETOUR con los fans en los lugares donde no era posible llevar a cabo el espectáculo por razones logísticas, y es una carta de amor para todos los que han sido parte del ritual de GHOST. Grabado en película de 16 mm, GHOST nunca se ha visto ni sonado mejor, con un repaso a temas de los seis álbumes de la banda, incluido SKELETÁ, número uno a nivel mundial en 2025, así como éxitos que no están en los discos, como «Mary On A Cross», «Kiss the Go-Goat» y «The Future is a Foreign Land».",Cartelera,HO00032676,https://tickets-static-content.cinepolis.com/pimcore/20875/assets/Mexico/Tickets/Movies/GHOST2BigToRing/Es/Poster_WEB_Desktop_720x1022px_3__2/resource.jpg,https://tickets-static-content.cinepolis.com/pimcore/20875/assets/Mexico/Tickets/Movies/GHOST2BigToRing/Es/HeaderMovieDetails_WEB_Desktop_1440x900px_3__2/resource.jpg,,,[]
twin-peaks,TWIN PEAKS,TBC,THRILLER,50 min,"Un pueblito tranquilo enclavado en un valle. Población: 51.201 habitantes. Una muerte misteriosa y una investigación que parece una farsa. Un diario secreto, un pacto, un yo maligno y un anillo. Sueños, alucinaciones, presentimientos. Historias de amor fugaces, una cantante que destila recuerdos de tiempos pasados. ¿Una habitación roja, líneas blancas y un hombre que acaba quemando su vida? Este es el mundo de TWIN PEAKS: FUEGO, CAMINA CONMIGO.",Cartelera,HO00032666,https://tickets-static-content.cinepolis.com/pimcore/20898/assets/Mexico/Tickets/Movies/TWINPEAKS/Es/Poster_WEB_Desktop_720x1022px_5__2/resource.jpg,https://tickets-static-content.cinepolis.com/pimcore/20898/assets/Mexico/Tickets/Movies/TWINPEAKS/Es/HeaderMovieDetails_WEB_Desktop_1440x900px_6__2/resource.jpg,,,[]
inland-empire,Inland Empire,TBC,THRILLER,172 min,"La actriz Nikki (Laura Dern) participa en un nuevo filme, debido a que su esposo (Peter J. Lucas) es muy celoso, su co-estelar Devon (Justin Theroux) recibe la advertencia de no hacer ninguna escena romántica -- especialmente porque los personajes que interpretan viven un romance. Ambos personajes descubren que el proyecto es una nueva versión de un filme inconcluso en el que las estrellas fueron asesinadas.",Cartelera,HO00032658,https://tickets-static-content.cinepolis.com/pimcore/21161/assets/Mexico/Tickets/Movies/InlandEmpire/Es/Poster_WEB_Desktop_720x1022px_8__2/resource.jpg,https://tickets-static-content.cinepolis.com/pimcore/21161/assets/Mexico/Tickets/Movies/InlandEmpire/Es/HeaderMovieDetails_WEB_Desktop_1440x900px_9__2/resource.jpg,,,[]
mulholland-empire,Mulholland Empire,TBC,THRILLER,145 min,"Nadie crea pesadillas cinematográficas como David Lynch, y 'Mulholland Drive'... es una de las más intensas y aterradoras. [Chicago Tribune] ""No solo tiene todo lo que buscas en una película de David Lynch, sino casi todo lo que buscas en CUALQUIER película."" [L.A. Weekly] ""Una de las pocas películas en las que las piezas no solo suman mucho más que el todo, sino que lo superan con una serie de fragmentos (en su mayoría) fascinantes."" [New York Observer] ""Emocionante y absurda. La película se siente completamente instintiva."" [The Village Voice] ""'Mulholland Drive' hace que las películas vuelvan a cobrar vida."" [Rolling Stone] ""Pocos podrán resistirse a su embriagadora intriga y a las dos cautivadoras actuaciones principales de Naomi Watts y Laura Elena Harring."" [Hollywood Reporter]",Cartelera,HO00032660,https://tickets-static-content.cinepolis.com/pimcore/21163/assets/Mexico/Tickets/Movies/MulhollandEmpire/Es/Poster_WEB_Desktop_720x1022px_9__2/resource.jpg,https://tickets-static-content.cinepolis.com/pimcore/21163/assets/Mexico/Tickets/Movies/MulhollandEmpire/Es/HeaderMovieDetails_WEB_Desktop_1440x900px_10__2/resource.jpg,,,[]
leviticus-ritual-de-sangre,Leviticus Ritual De Sangre,B15,DRAMA,88 min,Dos adolescentes deben escapar de un ente violento que adopta la forma de la persona que más desean: el uno al otro.,Cartelera,,https://tickets-static-content.cinepolis.com/pimcore/18638/assets/Mexico/Tickets/Movies/LeviticusRitualDeSangre/Es/P_ster_720x1022px_2/resource.jpg,https://tickets-static-content.cinepolis.com/pimcore/18638/assets/Mexico/Tickets/Movies/LeviticusRitualDeSangre/Es/Header_Movie_details_1440x900px_2/resource.jpg,https://tickets-static-content.cinepolis.com/pimcore/18638/assets/Mexico/Tickets/Movies/LeviticusRitualDeSangre/Es/6a05f1af9f3d9leviticus/resource.mp4,,[]
el-afinador,El Afinador,B15,"SUSPENSO, ACCIÓN",109 min,"Las meticulosas habilidades de un talentoso afinador de pianos le llevan a descubrir una inesperada aptitud para abrir cajas fuertes, lo que pone su vida patas arriba.",Cartelera,,https://tickets-static-content.cinepolis.com/pimcore/18221/assets/Mexico/Tickets/Movies/ElAfinador/Es/Poster_720x1022_2/resource.jpg,https://tickets-static-content.cinepolis.com/pimcore/18221/assets/Mexico/Tickets/Movies/ElAfinador/Es/Header_movie_details_1440x900px_1__20/resource.jpg,https://tickets-static-content.cinepolis.com/pimcore/18221/assets/Mexico/Tickets/Movies/ElAfinador/Es/69f23f3508f2delafinador_7/resource.mp4,,[]
cafe-chairel,Café Chairel,B,"COMEDIA, ROMANCE, DRAMA",111 min,"La inocencia de Alfonso lo embarca en la ocurrente odisea de abrir un café de especialidad sin saber nada del negocio y sin siquiera poder beber una taza sin diluirla completamente en leche. Un día llega su primera cliente, Katia, una joven áspera a quien termina contratando como asistente, pero que parece estar escapando de algo. Sus personalidades chocan de inmediato, poniendo en jaque el destino del negocio en una historia divertida y nostálgica sobre cómo, con tan solo una silenciosa compañía, dos extraños pueden ayudarse a sanar heridas.",Cartelera,,https://tickets-static-content.cinepolis.com/pimcore/17351/assets/Mexico/Tickets/Movies/CafeChairel/Es/720x1022_NUEVO_2/resource.jpg,https://tickets-static-content.cinepolis.com/pimcore/17351/assets/Mexico/Tickets/Movies/CafeChairel/Es/1440_x_900_4/resource.jpg,https://tickets-static-content.cinepolis.com/pimcore/17351/assets/Mexico/Tickets/Movies/CafeChairel/Es/69d6cb2ff26f1CAFE_CHAIREL_TRAILER_3/resource.mp4,,[]
