complejo_slug,cinema_vista_id,session_id,datetime,numero_sala,formato,idioma,experiencia,movie_id
cinepolis-la-florida-acayucan,611,51419,2026-07-27T13:45:00,2,2D,ESPAÑOL,Tradicional,hasta-el-fin-del-mundo
cinepolis-la-florida-acayucan,611,51420,2026-07-27T16:10:00,2,2D,ESPAÑOL,Tradicional,hasta-el-fin-del-mundo
cinepolis-la-florida-acayucan,611,51421,2026-07-27T19:00:00,2,2D,ESPAÑOL,Tradicional,hasta-el-fin-del-mundo
cinepolis-la-florida-acayucan,611,51422,2026-07-27T21:15:00,2,2D,ESPAÑOL,Tradicional,hasta-el-fin-del-mundo
cinepolis-la-florida-acayucan,611,51439,2026-07-28T13:45:00,2,2D,ESPAÑOL,Tradicional,hasta-el-fin-del-mundo
cinepolis-la-florida-acayucan,611,51440,2026-07-28T16:10:00,2,2D,ESPAÑOL,Tradicional,hasta-el-fin-del-mundo
cinepolis-la-florida-acayucan,611,51441,2026-07-28T19:00:00,2,2D,ESPAÑOL,Tradicional,hasta-el-fin-del-mundo
cinepolis-la-florida-acayucan,611,51442,2026-07-28T21:15:00,2,2D,ESPAÑOL,Tradicional,hasta-el-fin-del-mundo
cinepolis-la-florida-acayucan,611,51415,2026-07-27T11:45:00,1,2D,ESPAÑOL,Tradicional,la-odisea
cinepolis-la-florida-acayucan,611,51427,2026-07-27T13:15:00,4,2D,ESPAÑOL,Tradicional,la-odisea
cinepolis-la-florida-acayucan,611,51416,2026-07-27T15:10:00,1,2D,ESPAÑOL,Tradicional,la-odisea
cinepolis-la-florida-acayucan,611,51428,2026-07-27T17:20:00,4,2D,ESPAÑOL,Tradicional,la-odisea
cinepolis-la-florida-acayucan,611,51417,2026-07-27T18:35:00,1,2D,ESPAÑOL,Tradicional,la-odisea
cinepolis-la-florida-acayucan,611,51429,2026-07-27T20:45:00,4,2D,ESPAÑOL,Tradicional,la-odisea
cinepolis-la-florida-acayucan,611,51418,2026-07-27T22:00:00,1,2D,ESPAÑOL,Tradicional,la-odisea
cinepolis-la-florida-acayucan,611,51435,2026-07-28T11:45:00,1,2D,ESPAÑOL,Tradicional,la-odisea
cinepolis-la-florida-acayucan,611,51447,2026-07-28T13:15:00,4,2D,ESPAÑOL,Tradicional,la-odisea
cinepolis-la-florida-acayucan,611,51436,2026-07-28T15:10:00,1,2D,ESPAÑOL,Tradicional,la-odisea
cinepolis-la-florida-acayucan,611,51448,2026-07-28T17:20:00,4,2D,ESPAÑOL,Tradicional,la-odisea
cinepolis-la-florida-acayucan,611,51437,2026-07-28T18:35:00,1,2D,ESPAÑOL,Tradicional,la-odisea
cinepolis-la-florida-acayucan,611,51449,2026-07-28T20:45:00,4,2D,ESPAÑOL,Tradicional,la-odisea
cinepolis-la-florida-acayucan,611,51438,2026-07-28T22:00:00,1,2D,ESPAÑOL,Tradicional,la-odisea
cinepolis-la-florida-acayucan,611,51430,2026-07-27T12:15:00,5,2D,ESPAÑOL,Tradicional,minions-y-monstruos
cinepolis-la-florida-acayucan,611,51433,2026-07-27T19:30:00,5,2D,ESPAÑOL,Tradicional,minions-y-monstruos
cinepolis-la-florida-acayucan,611,51450,2026-07-28T12:15:00,5,2D,ESPAÑOL,Tradicional,minions-y-monstruos
cinepolis-la-florida-acayucan,611,51453,2026-07-28T19:30:00,5,2D,ESPAÑOL,Tradicional,minions-y-monstruos
cinepolis-la-florida-acayucan,611,51431,2026-07-27T14:20:00,5,3D,ESPAÑOL,Tradicional,moana-live-action
cinepolis-la-florida-acayucan,611,51432,2026-07-27T16:50:00,5,2D,ESPAÑOL,Tradicional,moana-live-action
cinepolis-la-florida-acayucan,611,51434,2026-07-27T21:45:00,5,2D,ESPAÑOL,Tradicional,moana-live-action
cinepolis-la-florida-acayucan,611,51451,2026-07-28T14:20:00,5,3D,ESPAÑOL,Tradicional,moana-live-action
cinepolis-la-florida-acayucan,611,51452,2026-07-28T16:50:00,5,2D,ESPAÑOL,Tradicional,moana-live-action
cinepolis-la-florida-acayucan,611,51454,2026-07-28T21:45:00,5,2D,ESPAÑOL,Tradicional,moana-live-action
cinepolis-la-florida-acayucan,611,51497,2026-08-12T10:45:00,2,2D,ESPAÑOL,Tradicional,paw-patrol-la-dino-pelicula
cinepolis-la-florida-acayucan,611,51498,2026-08-12T13:10:00,2,2D,ESPAÑOL,Tradicional,paw-patrol-la-dino-pelicula
cinepolis-la-florida-acayucan,611,51499,2026-08-12T15:45:00,2,2D,ESPAÑOL,Tradicional,paw-patrol-la-dino-pelicula
cinepolis-la-florida-acayucan,611,51500,2026-08-12T18:15:00,2,2D,ESPAÑOL,Tradicional,paw-patrol-la-dino-pelicula
cinepolis-la-florida-acayucan,611,51516,2026-08-13T12:30:00,5,2D,ESPAÑOL,Tradicional,paw-patrol-la-dino-pelicula
cinepolis-la-florida-acayucan,611,51517,2026-08-13T14:30:00,5,2D,ESPAÑOL,Tradicional,paw-patrol-la-dino-pelicula
cinepolis-la-florida-acayucan,611,51518,2026-08-13T16:30:00,5,2D,ESPAÑOL,Tradicional,paw-patrol-la-dino-pelicula
cinepolis-la-florida-acayucan,611,51519,2026-08-13T18:30:00,5,2D,ESPAÑOL,Tradicional,paw-patrol-la-dino-pelicula
cinepolis-la-florida-acayucan,611,51520,2026-08-13T20:30:00,5,2D,ESPAÑOL,Tradicional,paw-patrol-la-dino-pelicula
cinepolis-la-florida-acayucan,611,51521,2026-08-14T12:30:00,5,2D,ESPAÑOL,Tradicional,paw-patrol-la-dino-pelicula
cinepolis-la-florida-acayucan,611,51522,2026-08-14T14:30:00,5,2D,ESPAÑOL,Tradicional,paw-patrol-la-dino-pelicula
cinepolis-la-florida-acayucan,611,51523,2026-08-14T16:30:00,5,2D,ESPAÑOL,Tradicional,paw-patrol-la-dino-pelicula
cinepolis-la-florida-acayucan,611,51524,2026-08-14T18:30:00,5,2D,ESPAÑOL,Tradicional,paw-patrol-la-dino-pelicula
cinepolis-la-florida-acayucan,611,51525,2026-08-14T20:30:00,5,2D,ESPAÑOL,Tradicional,paw-patrol-la-dino-pelicula
cinepolis-la-florida-acayucan,611,51526,2026-08-15T12:05:00,5,2D,ESPAÑOL,Tradicional,paw-patrol-la-dino-pelicula
cinepolis-la-florida-acayucan,611,51527,2026-08-15T14:15:00,5,2D,ESPAÑOL,Tradicional,paw-patrol-la-dino-pelicula
cinepolis-la-florida-acayucan,611,51528,2026-08-15T16:20:00,5,2D,ESPAÑOL,Tradicional,paw-patrol-la-dino-pelicula
cinepolis-la-florida-acayucan,611,51529,2026-08-15T18:20:00,5,2D,ESPAÑOL,Tradicional,paw-patrol-la-dino-pelicula
cinepolis-la-florida-acayucan,611,51530,2026-08-15T20:25:00,5,2D,ESPAÑOL,Tradicional,paw-patrol-la-dino-pelicula
cinepolis-la-florida-acayucan,611,51531,2026-08-16T12:05:00,5,2D,ESPAÑOL,Tradicional,paw-patrol-la-dino-pelicula
cinepolis-la-florida-acayucan,611,51532,2026-08-16T14:15:00,5,2D,ESPAÑOL,Tradicional,paw-patrol-la-dino-pelicula
cinepolis-la-florida-acayucan,611,51533,2026-08-16T16:20:00,5,2D,ESPAÑOL,Tradicional,paw-patrol-la-dino-pelicula
cinepolis-la-florida-acayucan,611,51534,2026-08-16T18:20:00,5,2D,ESPAÑOL,Tradicional,paw-patrol-la-dino-pelicula
cinepolis-la-florida-acayucan,611,51535,2026-08-16T20:25:00,5,2D,ESPAÑOL,Tradicional,paw-patrol-la-dino-pelicula
cinepolis-la-florida-acayucan,611,51501,2026-08-17T12:30:00,5,2D,ESPAÑOL,Tradicional,paw-patrol-la-dino-pelicula
cinepolis-la-florida-acayucan,611,51502,2026-08-17T14:30:00,5,2D,ESPAÑOL,Tradicional,paw-patrol-la-dino-pelicula
cinepolis-la-florida-acayucan,611,51503,2026-08-17T16:30:00,5,2D,ESPAÑOL,Tradicional,paw-patrol-la-dino-pelicula
cinepolis-la-florida-acayucan,611,51504,2026-08-17T18:30:00,5,2D,ESPAÑOL,Tradicional,paw-patrol-la-dino-pelicula
cinepolis-la-florida-acayucan,611,51505,2026-08-17T20:30:00,5,2D,ESPAÑOL,Tradicional,paw-patrol-la-dino-pelicula
cinepolis-la-florida-acayucan,611,51506,2026-08-18T12:30:00,5,2D,ESPAÑOL,Tradicional,paw-patrol-la-dino-pelicula
cinepolis-la-florida-acayucan,611,51507,2026-08-18T14:30:00,5,2D,ESPAÑOL,Tradicional,paw-patrol-la-dino-pelicula
cinepolis-la-florida-acayucan,611,51508,2026-08-18T16:30:00,5,2D,ESPAÑOL,Tradicional,paw-patrol-la-dino-pelicula
cinepolis-la-florida-acayucan,611,51509,2026-08-18T18:30:00,5,2D,ESPAÑOL,Tradicional,paw-patrol-la-dino-pelicula
cinepolis-la-florida-acayucan,611,51510,2026-08-18T20:30:00,5,2D,ESPAÑOL,Tradicional,paw-patrol-la-dino-pelicula
cinepolis-la-florida-acayucan,611,51511,2026-08-19T12:30:00,5,2D,ESPAÑOL,Tradicional,paw-patrol-la-dino-pelicula
cinepolis-la-florida-acayucan,611,51512,2026-08-19T14:30:00,5,2D,ESPAÑOL,Tradicional,paw-patrol-la-dino-pelicula
cinepolis-la-florida-acayucan,611,51513,2026-08-19T16:30:00,5,2D,ESPAÑOL,Tradicional,paw-patrol-la-dino-pelicula
cinepolis-la-florida-acayucan,611,51514,2026-08-19T18:30:00,5,2D,ESPAÑOL,Tradicional,paw-patrol-la-dino-pelicula
cinepolis-la-florida-acayucan,611,51515,2026-08-19T20:30:00,5,2D,ESPAÑOL,Tradicional,paw-patrol-la-dino-pelicula
cinepolis-la-florida-acayucan,611,49958,2026-07-29T10:35:00,5,3D,ESPAÑOL,Tradicional,spider-man-un-nuevo-dia
cinepolis-la-florida-acayucan,611,49954,2026-07-29T11:20:00,4,2D,ESPAÑOL,Tradicional,spider-man-un-nuevo-dia
cinepolis-la-florida-acayucan,611,49950,2026-07-29T12:05:00,1,2D,ESPAÑOL,Tradicional,spider-man-un-nuevo-dia
cinepolis-la-florida-acayucan,611,49959,2026-07-29T13:40:00,5,3D,ESPAÑOL,Tradicional,spider-man-un-nuevo-dia
cinepolis-la-florida-acayucan,611,49955,2026-07-29T14:25:00,4,2D,ESPAÑOL,Tradicional,spider-man-un-nuevo-dia
cinepolis-la-florida-acayucan,611,49951,2026-07-29T15:10:00,1,2D,ESPAÑOL,Tradicional,spider-man-un-nuevo-dia
cinepolis-la-florida-acayucan,611,49960,2026-07-29T16:45:00,5,3D,ESPAÑOL,Tradicional,spider-man-un-nuevo-dia
cinepolis-la-florida-acayucan,611,49956,2026-07-29T17:35:00,4,2D,ESPAÑOL,Tradicional,spider-man-un-nuevo-dia
cinepolis-la-florida-acayucan,611,49952,2026-07-29T18:25:00,1,2D,ESPAÑOL,Tradicional,spider-man-un-nuevo-dia
cinepolis-la-florida-acayucan,611,49961,2026-07-29T19:50:00,5,3D,ESPAÑOL,Tradicional,spider-man-un-nuevo-dia
cinepolis-la-florida-acayucan,611,49957,2026-07-29T20:45:00,4,2D,ESPAÑOL,Tradicional,spider-man-un-nuevo-dia
cinepolis-la-florida-acayucan,611,49953,2026-07-29T21:45:00,1,2D,ESPAÑOL,Tradicional,spider-man-un-nuevo-dia
cinepolis-la-florida-acayucan,611,49970,2026-07-30T10:35:00,5,3D,ESPAÑOL,Tradicional,spider-man-un-nuevo-dia
cinepolis-la-florida-acayucan,611,49966,2026-07-30T11:20:00,4,2D,ESPAÑOL,Tradicional,spider-man-un-nuevo-dia
cinepolis-la-florida-acayucan,611,49962,2026-07-30T12:05:00,1,2D,ESPAÑOL,Tradicional,spider-man-un-nuevo-dia
cinepolis-la-florida-acayucan,611,49971,2026-07-30T13:40:00,5,3D,ESPAÑOL,Tradicional,spider-man-un-nuevo-dia
cinepolis-la-florida-acayucan,611,49967,2026-07-30T14:25:00,4,2D,ESPAÑOL,Tradicional,spider-man-un-nuevo-dia
cinepolis-la-florida-acayucan,611,49963,2026-07-30T15:10:00,1,2D,ESPAÑOL,Tradicional,spider-man-un-nuevo-dia
cinepolis-la-florida-acayucan,611,49972,2026-07-30T16:45:00,5,3D,ESPAÑOL,Tradicional,spider-man-un-nuevo-dia
cinepolis-la-florida-acayucan,611,49968,2026-07-30T17:35:00,4,2D,ESPAÑOL,Tradicional,spider-man-un-nuevo-dia
cinepolis-la-florida-acayucan,611,49964,2026-07-30T18:25:00,1,2D,ESPAÑOL,Tradicional,spider-man-un-nuevo-dia
cinepolis-la-florida-acayucan,611,49973,2026-07-30T19:50:00,5,3D,ESPAÑOL,Tradicional,spider-man-un-nuevo-dia
cinepolis-la-florida-acayucan,611,49969,2026-07-30T20:45:00,4,2D,ESPAÑOL,Tradicional,spider-man-un-nuevo-dia
cinepolis-la-florida-acayucan,611,49965,2026-07-30T21:45:00,1,2D,ESPAÑOL,Tradicional,spider-man-un-nuevo-dia
cinepolis-la-florida-acayucan,611,49982,2026-07-31T10:35:00,5,3D,ESPAÑOL,Tradicional,spider-man-un-nuevo-dia
cinepolis-la-florida-acayucan,611,49978,2026-07-31T11:20:00,4,2D,ESPAÑOL,Tradicional,spider-man-un-nuevo-dia
cinepolis-la-florida-acayucan,611,49974,2026-07-31T12:05:00,1,2D,ESPAÑOL,Tradicional,spider-man-un-nuevo-dia
cinepolis-la-florida-acayucan,611,49983,2026-07-31T13:40:00,5,3D,ESPAÑOL,Tradicional,spider-man-un-nuevo-dia
cinepolis-la-florida-acayucan,611,49979,2026-07-31T14:25:00,4,2D,ESPAÑOL,Tradicional,spider-man-un-nuevo-dia
cinepolis-la-florida-acayucan,611,49975,2026-07-31T15:10:00,1,2D,ESPAÑOL,Tradicional,spider-man-un-nuevo-dia
cinepolis-la-florida-acayucan,611,49984,2026-07-31T16:45:00,5,3D,ESPAÑOL,Tradicional,spider-man-un-nuevo-dia
cinepolis-la-florida-acayucan,611,49980,2026-07-31T17:35:00,4,2D,ESPAÑOL,Tradicional,spider-man-un-nuevo-dia
cinepolis-la-florida-acayucan,611,49976,2026-07-31T18:25:00,1,2D,ESPAÑOL,Tradicional,spider-man-un-nuevo-dia
cinepolis-la-florida-acayucan,611,49985,2026-07-31T19:50:00,5,3D,ESPAÑOL,Tradicional,spider-man-un-nuevo-dia
cinepolis-la-florida-acayucan,611,49981,2026-07-31T20:45:00,4,2D,ESPAÑOL,Tradicional,spider-man-un-nuevo-dia
cinepolis-la-florida-acayucan,611,49977,2026-07-31T21:45:00,1,2D,ESPAÑOL,Tradicional,spider-man-un-nuevo-dia
cinepolis-la-florida-acayucan,611,50030,2026-08-01T10:55:00,5,3D,ESPAÑOL,Tradicional,spider-man-un-nuevo-dia
cinepolis-la-florida-acayucan,611,50022,2026-08-01T11:50:00,1,2D,ESPAÑOL,Tradicional,spider-man-un-nuevo-dia
cinepolis-la-florida-acayucan,611,50026,2026-08-01T12:35:00,4,2D,ESPAÑOL,Tradicional,spider-man-un-nuevo-dia
cinepolis-la-florida-acayucan,611,50031,2026-08-01T14:00:00,5,3D,ESPAÑOL,Tradicional,spider-man-un-nuevo-dia
cinepolis-la-florida-acayucan,611,50023,2026-08-01T14:55:00,1,2D,ESPAÑOL,Tradicional,spider-man-un-nuevo-dia
cinepolis-la-florida-acayucan,611,50027,2026-08-01T15:50:00,4,2D,ESPAÑOL,Tradicional,spider-man-un-nuevo-dia
cinepolis-la-florida-acayucan,611,50032,2026-08-01T17:05:00,5,3D,ESPAÑOL,Tradicional,spider-man-un-nuevo-dia
cinepolis-la-florida-acayucan,611,50024,2026-08-01T18:00:00,1,2D,ESPAÑOL,Tradicional,spider-man-un-nuevo-dia
cinepolis-la-florida-acayucan,611,50028,2026-08-01T18:55:00,4,2D,ESPAÑOL,Tradicional,spider-man-un-nuevo-dia
cinepolis-la-florida-acayucan,611,50033,2026-08-01T20:10:00,5,3D,ESPAÑOL,Tradicional,spider-man-un-nuevo-dia
cinepolis-la-florida-acayucan,611,50025,2026-08-01T21:05:00,1,2D,ESPAÑOL,Tradicional,spider-man-un-nuevo-dia
cinepolis-la-florida-acayucan,611,50029,2026-08-01T22:00:00,4,2D,ESPAÑOL,Tradicional,spider-man-un-nuevo-dia
cinepolis-la-florida-acayucan,611,50042,2026-08-02T10:55:00,5,3D,ESPAÑOL,Tradicional,spider-man-un-nuevo-dia
cinepolis-la-florida-acayucan,611,50034,2026-08-02T11:50:00,1,2D,ESPAÑOL,Tradicional,spider-man-un-nuevo-dia
cinepolis-la-florida-acayucan,611,50038,2026-08-02T12:35:00,4,2D,ESPAÑOL,Tradicional,spider-man-un-nuevo-dia
cinepolis-la-florida-acayucan,611,50043,2026-08-02T14:00:00,5,3D,ESPAÑOL,Tradicional,spider-man-un-nuevo-dia
cinepolis-la-florida-acayucan,611,50035,2026-08-02T14:55:00,1,2D,ESPAÑOL,Tradicional,spider-man-un-nuevo-dia
cinepolis-la-florida-acayucan,611,50039,2026-08-02T15:50:00,4,2D,ESPAÑOL,Tradicional,spider-man-un-nuevo-dia
cinepolis-la-florida-acayucan,611,50044,2026-08-02T17:05:00,5,3D,ESPAÑOL,Tradicional,spider-man-un-nuevo-dia
cinepolis-la-florida-acayucan,611,50036,2026-08-02T18:00:00,1,2D,ESPAÑOL,Tradicional,spider-man-un-nuevo-dia
cinepolis-la-florida-acayucan,611,50040,2026-08-02T18:55:00,4,2D,ESPAÑOL,Tradicional,spider-man-un-nuevo-dia
cinepolis-la-florida-acayucan,611,50045,2026-08-02T20:10:00,5,3D,ESPAÑOL,Tradicional,spider-man-un-nuevo-dia
cinepolis-la-florida-acayucan,611,50037,2026-08-02T21:05:00,1,2D,ESPAÑOL,Tradicional,spider-man-un-nuevo-dia
cinepolis-la-florida-acayucan,611,50041,2026-08-02T22:00:00,4,2D,ESPAÑOL,Tradicional,spider-man-un-nuevo-dia
cinepolis-la-florida-acayucan,611,49994,2026-08-03T10:35:00,5,3D,ESPAÑOL,Tradicional,spider-man-un-nuevo-dia
cinepolis-la-florida-acayucan,611,49990,2026-08-03T11:20:00,4,2D,ESPAÑOL,Tradicional,spider-man-un-nuevo-dia
cinepolis-la-florida-acayucan,611,49986,2026-08-03T12:05:00,1,2D,ESPAÑOL,Tradicional,spider-man-un-nuevo-dia
cinepolis-la-florida-acayucan,611,49995,2026-08-03T13:40:00,5,3D,ESPAÑOL,Tradicional,spider-man-un-nuevo-dia
cinepolis-la-florida-acayucan,611,49991,2026-08-03T14:25:00,4,2D,ESPAÑOL,Tradicional,spider-man-un-nuevo-dia
cinepolis-la-florida-acayucan,611,49987,2026-08-03T15:10:00,1,2D,ESPAÑOL,Tradicional,spider-man-un-nuevo-dia
cinepolis-la-florida-acayucan,611,49996,2026-08-03T16:45:00,5,3D,ESPAÑOL,Tradicional,spider-man-un-nuevo-dia
cinepolis-la-florida-acayucan,611,49992,2026-08-03T17:35:00,4,2D,ESPAÑOL,Tradicional,spider-man-un-nuevo-dia
cinepolis-la-florida-acayucan,611,49988,2026-08-03T18:25:00,1,2D,ESPAÑOL,Tradicional,spider-man-un-nuevo-dia
cinepolis-la-florida-acayucan,611,49997,2026-08-03T19:50:00,5,3D,ESPAÑOL,Tradicional,spider-man-un-nuevo-dia
cinepolis-la-florida-acayucan,611,49993,2026-08-03T20:45:00,4,2D,ESPAÑOL,Tradicional,spider-man-un-nuevo-dia
cinepolis-la-florida-acayucan,611,49989,2026-08-03T21:45:00,1,2D,ESPAÑOL,Tradicional,spider-man-un-nuevo-dia
cinepolis-la-florida-acayucan,611,50006,2026-08-04T10:35:00,5,3D,ESPAÑOL,Tradicional,spider-man-un-nuevo-dia
cinepolis-la-florida-acayucan,611,50002,2026-08-04T11:20:00,4,2D,ESPAÑOL,Tradicional,spider-man-un-nuevo-dia
cinepolis-la-florida-acayucan,611,49998,2026-08-04T12:05:00,1,2D,ESPAÑOL,Tradicional,spider-man-un-nuevo-dia
cinepolis-la-florida-acayucan,611,50007,2026-08-04T13:40:00,5,3D,ESPAÑOL,Tradicional,spider-man-un-nuevo-dia
cinepolis-la-florida-acayucan,611,50003,2026-08-04T14:25:00,4,2D,ESPAÑOL,Tradicional,spider-man-un-nuevo-dia
cinepolis-la-florida-acayucan,611,49999,2026-08-04T15:10:00,1,2D,ESPAÑOL,Tradicional,spider-man-un-nuevo-dia
cinepolis-la-florida-acayucan,611,50008,2026-08-04T16:45:00,5,3D,ESPAÑOL,Tradicional,spider-man-un-nuevo-dia
cinepolis-la-florida-acayucan,611,50004,2026-08-04T17:35:00,4,2D,ESPAÑOL,Tradicional,spider-man-un-nuevo-dia
cinepolis-la-florida-acayucan,611,50000,2026-08-04T18:25:00,1,2D,ESPAÑOL,Tradicional,spider-man-un-nuevo-dia
cinepolis-la-florida-acayucan,611,50009,2026-08-04T19:50:00,5,3D,ESPAÑOL,Tradicional,spider-man-un-nuevo-dia
cinepolis-la-florida-acayucan,611,50005,2026-08-04T20:45:00,4,2D,ESPAÑOL,Tradicional,spider-man-un-nuevo-dia
cinepolis-la-florida-acayucan,611,50001,2026-08-04T21:45:00,1,2D,ESPAÑOL,Tradicional,spider-man-un-nuevo-dia
cinepolis-la-florida-acayucan,611,50018,2026-08-05T10:35:00,5,3D,ESPAÑOL,Tradicional,spider-man-un-nuevo-dia
cinepolis-la-florida-acayucan,611,50014,2026-08-05T11:20:00,4,2D,ESPAÑOL,Tradicional,spider-man-un-nuevo-dia
cinepolis-la-florida-acayucan,611,50010,2026-08-05T12:05:00,1,2D,ESPAÑOL,Tradicional,spider-man-un-nuevo-dia
cinepolis-la-florida-acayucan,611,50019,2026-08-05T13:40:00,5,3D,ESPAÑOL,Tradicional,spider-man-un-nuevo-dia
cinepolis-la-florida-acayucan,611,50015,2026-08-05T14:25:00,4,2D,ESPAÑOL,Tradicional,spider-man-un-nuevo-dia
cinepolis-la-florida-acayucan,611,50011,2026-08-05T15:10:00,1,2D,ESPAÑOL,Tradicional,spider-man-un-nuevo-dia
cinepolis-la-florida-acayucan,611,50020,2026-08-05T16:45:00,5,3D,ESPAÑOL,Tradicional,spider-man-un-nuevo-dia
cinepolis-la-florida-acayucan,611,50016,2026-08-05T17:35:00,4,2D,ESPAÑOL,Tradicional,spider-man-un-nuevo-dia
cinepolis-la-florida-acayucan,611,50012,2026-08-05T18:25:00,1,2D,ESPAÑOL,Tradicional,spider-man-un-nuevo-dia
cinepolis-la-florida-acayucan,611,50021,2026-08-05T19:50:00,5,3D,ESPAÑOL,Tradicional,spider-man-un-nuevo-dia
cinepolis-la-florida-acayucan,611,50017,2026-08-05T20:45:00,4,2D,ESPAÑOL,Tradicional,spider-man-un-nuevo-dia
cinepolis-la-florida-acayucan,611,50013,2026-08-05T21:45:00,1,2D,ESPAÑOL,Tradicional,spider-man-un-nuevo-dia
cinepolis-la-florida-acayucan,611,51423,2026-07-27T12:45:00,3,2D,ESPAÑOL,Tradicional,toy-story-5
cinepolis-la-florida-acayucan,611,51424,2026-07-27T15:40:00,3,2D,ESPAÑOL,Tradicional,toy-story-5
cinepolis-la-florida-acayucan,611,51425,2026-07-27T18:00:00,3,2D,ESPAÑOL,Tradicional,toy-story-5
cinepolis-la-florida-acayucan,611,51426,2026-07-27T20:15:00,3,2D,ESPAÑOL,Tradicional,toy-story-5
cinepolis-la-florida-acayucan,611,51443,2026-07-28T12:45:00,3,2D,ESPAÑOL,Tradicional,toy-story-5
cinepolis-la-florida-acayucan,611,51444,2026-07-28T15:40:00,3,2D,ESPAÑOL,Tradicional,toy-story-5
cinepolis-la-florida-acayucan,611,51445,2026-07-28T18:00:00,3,2D,ESPAÑOL,Tradicional,toy-story-5
cinepolis-la-florida-acayucan,611,51446,2026-07-28T20:15:00,3,2D,ESPAÑOL,Tradicional,toy-story-5
